Trapezoidal, 0.013613013, 1.986386987,4, 12,0.000068000
Trapezoidal, 0.000744706, 1.999255294,4, 48,0.000044000
Trapezoidal, 0.000143677, 1.999856323,4, 108,0.000075000
Trapezoidal, 0.000045090, 1.999954910,4, 192,0.000179000
Trapezoidal, 0.000018400, 1.999981600,4, 300,0.000122000
Trapezoidal, 0.000008855, 1.999991145,4, 432,0.000057000
Trapezoidal, 0.000004774, 1.999995226,4, 588,0.000058000
Trapezoidal, 0.000002796, 1.999997204,4, 768,0.000081000
Trapezoidal, 0.000001745, 1.999998255,4, 972,0.000093000
Trapezoidal, 0.000001144, 1.999998856,4, 1200,0.000067000
Trapezoidal, 0.000000781, 1.999999219,4, 1452,0.000133000
Trapezoidal, 0.000000552, 1.999999448,4, 1728,0.000095000
Trapezoidal, 0.000000400, 1.999999600,4, 2028,0.000171000
Trapezoidal, 0.000000298, 1.999999702,4, 2352,0.000070000
Trapezoidal, 0.000000226, 1.999999774,4, 2700,0.000140000
Trapezoidal, 0.000000174, 1.999999826,4, 3072,0.000120000
Trapezoidal, 0.000000137, 1.999999863,4, 3468,0.000073000
Trapezoidal, 0.000000109, 1.999999891,4, 3888,0.000202000
Trapezoidal, 0.000000088, 1.999999912,4, 4332,0.000067000
Trapezoidal, 0.000000071, 1.999999929,4, 4800,0.000134000
Trapezoidal, 0.000000059, 1.999999941,4, 5292,0.000117000
Trapezoidal, 0.000000049, 1.999999951,4, 5808,0.000118000
Trapezoidal, 0.000000041, 1.999999959,4, 6348,0.000128000
Trapezoidal, 0.000000034, 1.999999966,4, 6912,0.000115000
Trapezoidal, 0.000000029, 1.999999971,4, 7500,0.000106000
Trapezoidal, 0.000000025, 1.999999975,4, 8112,0.000113000
Trapezoidal, 0.000000021, 1.999999979,4, 8748,0.000208000
Trapezoidal, 0.000000019, 1.999999981,4, 9408,0.000162000
Trapezoidal, 0.000000016, 1.999999984,4, 10092,0.000221000
Trapezoidal, 0.000000014, 1.999999986,4, 10800,0.000277000
Monte-Carlo, 0.573110677, 2.573110677,4, 12,0.000129000
Monte-Carlo, 0.573110677, 2.573110677,4, 12,0.000113000
Monte-Carlo, 0.573110677, 2.573110677,4, 12,0.000047000
Monte-Carlo, 0.573110677, 2.573110677,4, 12,0.000089000
Monte-Carlo, 0.573110677, 2.573110677,4, 12,0.000110000
Monte-Carlo, 0.473385871, 2.473385871,4, 12,0.000058000
Monte-Carlo, 0.473385871, 2.473385871,4, 12,0.000051000
Monte-Carlo, 0.473385871, 2.473385871,4, 12,0.000138000
Monte-Carlo, 0.473385871, 2.473385871,4, 12,0.000102000
Monte-Carlo, 0.473385871, 2.473385871,4, 12,0.000043000
Monte-Carlo, 0.473385871, 2.473385871,4, 12,0.000041000
Monte-Carlo, 0.473385871, 2.473385871,4, 12,0.000143000
Monte-Carlo, 0.128709592, 2.128709592,4, 12,0.000068000
Monte-Carlo, 0.128709592, 2.128709592,4, 12,0.000055000
Monte-Carlo, 0.128709592, 2.128709592,4, 12,0.000116000
Monte-Carlo, 0.128709592, 2.128709592,4, 12,0.000144000
Monte-Carlo, 0.128709592, 2.128709592,4, 12,0.000059000
Monte-Carlo, 0.128709592, 2.128709592,4, 12,0.000077000
Monte-Carlo, 0.128709592, 2.128709592,4, 12,0.000173000
Monte-Carlo, 0.114885963, 2.114885963,4, 12,0.000046000
Monte-Carlo, 0.114885963, 2.114885963,4, 12,0.000122000
Monte-Carlo, 0.114885963, 2.114885963,4, 12,0.000056000
Monte-Carlo, 0.114885963, 2.114885963,4, 12,0.000066000
Monte-Carlo, 0.114885963, 2.114885963,4, 12,0.000153000
Monte-Carlo, 0.114885963, 2.114885963,4, 12,0.000110000
Monte-Carlo, 0.114885963, 2.114885963,4, 12,0.000160000
Monte-Carlo, 0.156750308, 2.156750308,4, 12,0.000057000
Monte-Carlo, 0.156750308, 2.156750308,4, 12,0.000058000
Monte-Carlo, 0.156750308, 2.156750308,4, 12,0.000060000
Monte-Carlo, 0.156750308, 2.156750308,4, 12,0.000107000
Monte-Carlo, 0.156750308, 2.156750308,4, 12,0.000177000
Monte-Carlo, 0.156750308, 2.156750308,4, 12,0.000053000
Monte-Carlo, 0.085112676, 2.085112676,4, 12,0.000105000
Monte-Carlo, 0.085112676, 2.085112676,4, 12,0.000060000
Monte-Carlo, 0.085112676, 2.085112676,4, 12,0.000096000
Monte-Carlo, 0.085112676, 2.085112676,4, 12,0.000124000
Monte-Carlo, 0.085112676, 2.085112676,4, 12,0.000107000
Monte-Carlo, 0.085112676, 2.085112676,4, 12,0.000140000
Monte-Carlo, 0.085112676, 2.085112676,4, 12,0.000098000
Monte-Carlo, 0.085112676, 2.085112676,4, 12,0.000072000
Monte-Carlo, 0.247893946, 2.247893946,4, 12,0.000051000
Monte-Carlo, 0.247893946, 2.247893946,4, 12,0.000171000
Monte-Carlo, 0.247893946, 2.247893946,4, 12,0.000074000
Monte-Carlo, 0.247893946, 2.247893946,4, 12,0.000146000
Monte-Carlo, 0.247893946, 2.247893946,4, 12,0.000124000
Monte-Carlo, 0.247893946, 2.247893946,4, 12,0.000179000
Monte-Carlo, 0.247893946, 2.247893946,4, 12,0.000049000
Monte-Carlo, 0.055021533, 2.055021533,4, 12,0.000108000
Monte-Carlo, 0.055021533, 2.055021533,4, 12,0.000139000
Monte-Carlo, 0.055021533, 2.055021533,4, 12,0.000043000
Monte-Carlo, 0.061780053, 2.061780053,4, 48,0.000168000
Monte-Carlo, 0.061780053, 2.061780053,4, 48,0.000216000
Monte-Carlo, 0.061780053, 2.061780053,4, 48,0.000080000
Monte-Carlo, 0.061780053, 2.061780053,4, 48,0.000057000
Monte-Carlo, 0.006177410, 1.993822590,4, 48,0.000158000
Monte-Carlo, 0.006177410, 1.993822590,4, 48,0.000110000
Monte-Carlo, 0.006177410, 1.993822590,4, 48,0.000070000
Monte-Carlo, 0.006177410, 1.993822590,4, 48,0.000054000
Monte-Carlo, 0.006177410, 1.993822590,4, 48,0.000195000
Monte-Carlo, 0.006177410, 1.993822590,4, 48,0.000046000
Monte-Carlo, 0.006177410, 1.993822590,4, 48,0.000111000
Monte-Carlo, 0.088025525, 1.911974475,4, 48,0.000092000
Monte-Carlo, 0.088025525, 1.911974475,4, 48,0.000062000
Monte-Carlo, 0.088025525, 1.911974475,4, 48,0.000099000
Monte-Carlo, 0.088025525, 1.911974475,4, 48,0.000137000
Monte-Carlo, 0.088025525, 1.911974475,4, 48,0.000091000
Monte-Carlo, 0.088025525, 1.911974475,4, 48,0.000066000
Monte-Carlo, 0.088025525, 1.911974475,4, 48,0.000109000
Monte-Carlo, 0.133310598, 1.866689402,4, 48,0.000045000
Monte-Carlo, 0.133310598, 1.866689402,4, 48,0.000082000
Monte-Carlo, 0.133310598, 1.866689402,4, 48,0.000156000
Monte-Carlo, 0.133310598, 1.866689402,4, 48,0.000076000
Monte-Carlo, 0.133310598, 1.866689402,4, 48,0.000050000
Monte-Carlo, 0.133310598, 1.866689402,4, 48,0.000067000
Monte-Carlo, 0.133310598, 1.866689402,4, 48,0.000174000
Monte-Carlo, 0.022072553, 2.022072553,4, 48,0.000053000
Monte-Carlo, 0.022072553, 2.022072553,4, 48,0.000059000
Monte-Carlo, 0.022072553, 2.022072553,4, 48,0.000211000
Monte-Carlo, 0.022072553, 2.022072553,4, 48,0.000057000
Monte-Carlo, 0.022072553, 2.022072553,4, 48,0.000091000
Monte-Carlo, 0.022072553, 2.022072553,4, 48,0.000061000
Monte-Carlo, 0.022072553, 2.022072553,4, 48,0.000109000
Monte-Carlo, 0.094851080, 1.905148920,4, 48,0.000170000
Monte-Carlo, 0.094851080, 1.905148920,4, 48,0.000170000
Monte-Carlo, 0.094851080, 1.905148920,4, 48,0.000039000
Monte-Carlo, 0.094851080, 1.905148920,4, 48,0.000167000
Monte-Carlo, 0.094851080, 1.905148920,4, 48,0.000057000
Monte-Carlo, 0.094851080, 1.905148920,4, 48,0.000065000
Monte-Carlo, 0.007384018, 2.007384018,4, 48,0.000087000
Monte-Carlo, 0.007384018, 2.007384018,4, 48,0.000096000
Monte-Carlo, 0.007384018, 2.007384018,4, 48,0.000052000
Monte-Carlo, 0.007384018, 2.007384018,4, 48,0.000065000
Monte-Carlo, 0.007384018, 2.007384018,4, 48,0.000159000
Monte-Carlo, 0.007384018, 2.007384018,4, 48,0.000056000
Monte-Carlo, 0.007384018, 2.007384018,4, 48,0.000096000
Monte-Carlo, 0.037893004, 1.962106996,4, 48,0.000156000
Monte-Carlo, 0.037893004, 1.962106996,4, 48,0.000054000
Monte-Carlo, 0.037893004, 1.962106996,4, 48,0.000073000
Monte-Carlo, 0.037893004, 1.962106996,4, 48,0.000070000
Monte-Carlo, 0.037893004, 1.962106996,4, 48,0.000065000
Monte-Carlo, 0.069318097, 2.069318097,4, 108,0.000063000
Monte-Carlo, 0.069318097, 2.069318097,4, 108,0.000179000
Monte-Carlo, 0.073538142, 2.073538142,4, 108,0.000171000
Monte-Carlo, 0.073538142, 2.073538142,4, 108,0.000043000
Monte-Carlo, 0.073538142, 2.073538142,4, 108,0.000059000
Monte-Carlo, 0.073538142, 2.073538142,4, 108,0.000136000
Monte-Carlo, 0.073538142, 2.073538142,4, 108,0.000137000
Monte-Carlo, 0.073538142, 2.073538142,4, 108,0.000065000
Monte-Carlo, 0.073538142, 2.073538142,4, 108,0.000083000
Monte-Carlo, 0.097606116, 2.097606116,4, 108,0.000065000
Monte-Carlo, 0.097606116, 2.097606116,4, 108,0.000115000
Monte-Carlo, 0.097606116, 2.097606116,4, 108,0.000076000
Monte-Carlo, 0.097606116, 2.097606116,4, 108,0.000067000
Monte-Carlo, 0.097606116, 2.097606116,4, 108,0.000068000
Monte-Carlo, 0.097606116, 2.097606116,4, 108,0.000069000
Monte-Carlo, 0.097606116, 2.097606116,4, 108,0.000052000
Monte-Carlo, 0.097606116, 2.097606116,4, 108,0.000216000
Monte-Carlo, 0.097606116, 2.097606116,4, 108,0.000145000
Monte-Carlo, 0.008286263, 1.991713737,4, 108,0.000153000
Monte-Carlo, 0.008286263, 1.991713737,4, 108,0.000063000
Monte-Carlo, 0.008286263, 1.991713737,4, 108,0.000072000
Monte-Carlo, 0.008286263, 1.991713737,4, 108,0.000061000
Monte-Carlo, 0.008286263, 1.991713737,4, 108,0.000097000
Monte-Carlo, 0.008286263, 1.991713737,4, 108,0.000076000
Monte-Carlo, 0.008286263, 1.991713737,4, 108,0.000148000
Monte-Carlo, 0.008286263, 1.991713737,4, 108,0.000121000
Monte-Carlo, 0.036053483, 2.036053483,4, 108,0.000107000
Monte-Carlo, 0.036053483, 2.036053483,4, 108,0.000100000
Monte-Carlo, 0.036053483, 2.036053483,4, 108,0.000092000
Monte-Carlo, 0.036053483, 2.036053483,4, 108,0.000133000
Monte-Carlo, 0.036053483, 2.036053483,4, 108,0.000074000
Monte-Carlo, 0.036053483, 2.036053483,4, 108,0.000137000
Monte-Carlo, 0.036053483, 2.036053483,4, 108,0.000090000
Monte-Carlo, 0.060256976, 1.939743024,4, 108,0.000125000
Monte-Carlo, 0.060256976, 1.939743024,4, 108,0.000065000
Monte-Carlo, 0.060256976, 1.939743024,4, 108,0.000106000
Monte-Carlo, 0.060256976, 1.939743024,4, 108,0.000134000
Monte-Carlo, 0.060256976, 1.939743024,4, 108,0.000060000
Monte-Carlo, 0.060256976, 1.939743024,4, 108,0.000151000
Monte-Carlo, 0.060256976, 1.939743024,4, 108,0.000081000
Monte-Carlo, 0.060256976, 1.939743024,4, 108,0.000070000
Monte-Carlo, 0.035467846, 1.964532154,4, 108,0.000070000
Monte-Carlo, 0.035467846, 1.964532154,4, 108,0.000109000
Monte-Carlo, 0.035467846, 1.964532154,4, 108,0.000063000
Monte-Carlo, 0.035467846, 1.964532154,4, 108,0.000123000
Monte-Carlo, 0.035467846, 1.964532154,4, 108,0.000165000
Monte-Carlo, 0.035467846, 1.964532154,4, 108,0.000049000
Monte-Carlo, 0.035467846, 1.964532154,4, 108,0.000169000
Monte-Carlo, 0.056549698, 1.943450302,4, 108,0.000114000
Monte-Carlo, 0.056549698, 1.943450302,4, 108,0.000158000
Monte-Carlo, 0.099503389, 1.900496611,4, 192,0.000193000
Monte-Carlo, 0.099503389, 1.900496611,4, 192,0.000057000
Monte-Carlo, 0.099503389, 1.900496611,4, 192,0.000162000
Monte-Carlo, 0.099503389, 1.900496611,4, 192,0.000083000
Monte-Carlo, 0.099503389, 1.900496611,4, 192,0.000049000
Monte-Carlo, 0.099503389, 1.900496611,4, 192,0.000125000
Monte-Carlo, 0.047966042, 1.952033958,4, 192,0.000128000
Monte-Carlo, 0.047966042, 1.952033958,4, 192,0.000061000
Monte-Carlo, 0.047966042, 1.952033958,4, 192,0.000174000
Monte-Carlo, 0.047966042, 1.952033958,4, 192,0.000147000
Monte-Carlo, 0.047966042, 1.952033958,4, 192,0.000061000
Monte-Carlo, 0.047966042, 1.952033958,4, 192,0.000057000
Monte-Carlo, 0.047966042, 1.952033958,4, 192,0.000069000
Monte-Carlo, 0.047966042, 1.952033958,4, 192,0.000103000
Monte-Carlo, 0.104112690, 1.895887310,4, 192,0.000045000
Monte-Carlo, 0.104112690, 1.895887310,4, 192,0.000068000
Monte-Carlo, 0.104112690, 1.895887310,4, 192,0.000105000
Monte-Carlo, 0.104112690, 1.895887310,4, 192,0.000053000
Monte-Carlo, 0.104112690, 1.895887310,4, 192,0.000108000
Monte-Carlo, 0.104112690, 1.895887310,4, 192,0.000172000
Monte-Carlo, 0.104112690, 1.895887310,4, 192,0.000110000
Monte-Carlo, 0.090410569, 1.909589431,4, 192,0.000048000
Monte-Carlo, 0.090410569, 1.909589431,4, 192,0.000054000
Monte-Carlo, 0.090410569, 1.909589431,4, 192,0.000207000
Monte-Carlo, 0.090410569, 1.909589431,4, 192,0.000048000
Monte-Carlo, 0.090410569, 1.909589431,4, 192,0.000109000
Monte-Carlo, 0.090410569, 1.909589431,4, 192,0.000048000
Monte-Carlo, 0.090410569, 1.909589431,4, 192,0.000069000
Monte-Carlo, 0.090410569, 1.909589431,4, 192,0.000070000
Monte-Carlo, 0.046904867, 1.953095133,4, 192,0.000212000
Monte-Carlo, 0.046904867, 1.953095133,4, 192,0.000080000
Monte-Carlo, 0.046904867, 1.953095133,4, 192,0.000069000
Monte-Carlo, 0.046904867, 1.953095133,4, 192,0.000060000
Monte-Carlo, 0.046904867, 1.953095133,4, 192,0.000096000
Monte-Carlo, 0.046904867, 1.953095133,4, 192,0.000114000
Monte-Carlo, 0.046904867, 1.953095133,4, 192,0.000115000
Monte-Carlo, 0.070263719, 1.929736281,4, 192,0.000059000
Monte-Carlo, 0.070263719, 1.929736281,4, 192,0.000144000
Monte-Carlo, 0.070263719, 1.929736281,4, 192,0.000128000
Monte-Carlo, 0.070263719, 1.929736281,4, 192,0.000060000
Monte-Carlo, 0.070263719, 1.929736281,4, 192,0.000078000
Monte-Carlo, 0.070263719, 1.929736281,4, 192,0.000089000
Monte-Carlo, 0.070263719, 1.929736281,4, 192,0.000141000
Monte-Carlo, 0.070263719, 1.929736281,4, 192,0.000122000
Monte-Carlo, 0.024404175, 1.975595825,4, 192,0.000099000
Monte-Carlo, 0.024404175, 1.975595825,4, 192,0.000210000
Monte-Carlo, 0.024404175, 1.975595825,4, 192,0.000051000
Monte-Carlo, 0.024404175, 1.975595825,4, 192,0.000052000
Monte-Carlo, 0.024404175, 1.975595825,4, 192,0.000113000
Monte-Carlo, 0.024404175, 1.975595825,4, 192,0.000064000
Monte-Carlo, 0.052007630, 1.947992370,4, 300,0.000048000
Monte-Carlo, 0.023726745, 1.976273255,4, 300,0.000067000
Monte-Carlo, 0.023726745, 1.976273255,4, 300,0.000061000
Monte-Carlo, 0.023726745, 1.976273255,4, 300,0.000062000
Monte-Carlo, 0.023726745, 1.976273255,4, 300,0.000182000
Monte-Carlo, 0.023726745, 1.976273255,4, 300,0.000143000
Monte-Carlo, 0.023726745, 1.976273255,4, 300,0.000064000
Monte-Carlo, 0.023726745, 1.976273255,4, 300,0.000087000
Monte-Carlo, 0.009012335, 1.990987665,4, 300,0.000167000
Monte-Carlo, 0.009012335, 1.990987665,4, 300,0.000117000
Monte-Carlo, 0.009012335, 1.990987665,4, 300,0.000146000
Monte-Carlo, 0.009012335, 1.990987665,4, 300,0.000057000
Monte-Carlo, 0.009012335, 1.990987665,4, 300,0.000151000
Monte-Carlo, 0.009012335, 1.990987665,4, 300,0.000164000
Monte-Carlo, 0.009012335, 1.990987665,4, 300,0.000097000
Monte-Carlo, 0.028761835, 2.028761835,4, 300,0.002461000
Monte-Carlo, 0.028761835, 2.028761835,4, 300,0.000085000
Monte-Carlo, 0.028761835, 2.028761835,4, 300,0.000068000
Monte-Carlo, 0.028761835, 2.028761835,4, 300,0.000055000
Monte-Carlo, 0.028761835, 2.028761835,4, 300,0.000060000
Monte-Carlo, 0.028761835, 2.028761835,4, 300,0.000073000
Monte-Carlo, 0.028761835, 2.028761835,4, 300,0.000212000
Monte-Carlo, 0.043579762, 2.043579762,4, 300,0.000049000
Monte-Carlo, 0.043579762, 2.043579762,4, 300,0.000076000
Monte-Carlo, 0.043579762, 2.043579762,4, 300,0.000061000
Monte-Carlo, 0.043579762, 2.043579762,4, 300,0.000100000
Monte-Carlo, 0.043579762, 2.043579762,4, 300,0.000135000
Monte-Carlo, 0.043579762, 2.043579762,4, 300,0.000060000
Monte-Carlo, 0.043579762, 2.043579762,4, 300,0.000195000
Monte-Carlo, 0.043579762, 2.043579762,4, 300,0.004840000
Monte-Carlo, 0.010192267, 1.989807733,4, 300,0.000053000
Monte-Carlo, 0.010192267, 1.989807733,4, 300,0.000047000
Monte-Carlo, 0.010192267, 1.989807733,4, 300,0.000195000
Monte-Carlo, 0.010192267, 1.989807733,4, 300,0.000151000
Monte-Carlo, 0.010192267, 1.989807733,4, 300,0.000080000
Monte-Carlo, 0.010192267, 1.989807733,4, 300,0.000134000
Monte-Carlo, 0.010192267, 1.989807733,4, 300,0.000094000
Monte-Carlo, 0.010192267, 1.989807733,4, 300,0.000083000
Monte-Carlo, 0.010192267, 1.989807733,4, 300,0.000153000
Monte-Carlo, 0.029058497, 2.029058497,4, 300,0.000156000
Monte-Carlo, 0.029058497, 2.029058497,4, 300,0.000166000
Monte-Carlo, 0.029058497, 2.029058497,4, 300,0.000165000
Monte-Carlo, 0.029058497, 2.029058497,4, 300,0.000094000
Monte-Carlo, 0.029058497, 2.029058497,4, 300,0.000163000
Monte-Carlo, 0.029058497, 2.029058497,4, 300,0.000100000
Monte-Carlo, 0.029058497, 2.029058497,4, 300,0.000106000
Monte-Carlo, 0.029058497, 2.029058497,4, 300,0.000157000
Monte-Carlo, 0.017138729, 2.017138729,4, 300,0.000265000
Monte-Carlo, 0.017138729, 2.017138729,4, 300,0.000073000
Monte-Carlo, 0.017138729, 2.017138729,4, 300,0.000154000
Monte-Carlo, 0.019767770, 1.980232230,4, 432,0.000981000
Monte-Carlo, 0.019767770, 1.980232230,4, 432,0.000138000
Monte-Carlo, 0.019767770, 1.980232230,4, 432,0.000101000
Monte-Carlo, 0.019767770, 1.980232230,4, 432,0.000104000
Monte-Carlo, 0.019767770, 1.980232230,4, 432,0.000188000
Monte-Carlo, 0.004834692, 1.995165308,4, 432,0.000045000
Monte-Carlo, 0.004834692, 1.995165308,4, 432,0.000064000
Monte-Carlo, 0.004834692, 1.995165308,4, 432,0.000094000
Monte-Carlo, 0.004834692, 1.995165308,4, 432,0.000083000
Monte-Carlo, 0.004834692, 1.995165308,4, 432,0.000054000
Monte-Carlo, 0.004834692, 1.995165308,4, 432,0.000051000
Monte-Carlo, 0.004834692, 1.995165308,4, 432,0.000067000
Monte-Carlo, 0.003418153, 2.003418153,4, 432,0.000055000
Monte-Carlo, 0.003418153, 2.003418153,4, 432,0.000147000
Monte-Carlo, 0.003418153, 2.003418153,4, 432,0.000059000
Monte-Carlo, 0.003418153, 2.003418153,4, 432,0.000074000
Monte-Carlo, 0.003418153, 2.003418153,4, 432,0.000147000
Monte-Carlo, 0.003418153, 2.003418153,4, 432,0.000061000
Monte-Carlo, 0.003418153, 2.003418153,4, 432,0.000168000
Monte-Carlo, 0.003418153, 2.003418153,4, 432,0.000206000
Monte-Carlo, 0.023117895, 2.023117895,4, 432,0.000059000
Monte-Carlo, 0.023117895, 2.023117895,4, 432,0.000118000
Monte-Carlo, 0.023117895, 2.023117895,4, 432,0.000190000
Monte-Carlo, 0.023117895, 2.023117895,4, 432,0.000148000
Monte-Carlo, 0.023117895, 2.023117895,4, 432,0.000169000
Monte-Carlo, 0.023117895, 2.023117895,4, 432,0.000077000
Monte-Carlo, 0.023117895, 2.023117895,4, 432,0.000153000
Monte-Carlo, 0.023117895, 2.023117895,4, 432,0.000060000
Monte-Carlo, 0.043990635, 2.043990635,4, 432,0.000089000
Monte-Carlo, 0.043990635, 2.043990635,4, 432,0.000119000
Monte-Carlo, 0.043990635, 2.043990635,4, 432,0.000084000
Monte-Carlo, 0.043990635, 2.043990635,4, 432,0.000135000
Monte-Carlo, 0.043990635, 2.043990635,4, 432,0.000152000
Monte-Carlo, 0.043990635, 2.043990635,4, 432,0.000160000
Monte-Carlo, 0.043990635, 2.043990635,4, 432,0.000149000
Monte-Carlo, 0.043990635, 2.043990635,4, 432,0.000063000
Monte-Carlo, 0.043990635, 2.043990635,4, 432,0.000129000
Monte-Carlo, 0.026657799, 2.026657799,4, 432,0.000135000
Monte-Carlo, 0.026657799, 2.026657799,4, 432,0.000077000
Monte-Carlo, 0.026657799, 2.026657799,4, 432,0.000147000
Monte-Carlo, 0.026657799, 2.026657799,4, 432,0.000075000
Monte-Carlo, 0.026657799, 2.026657799,4, 432,0.000081000
Monte-Carlo, 0.026657799, 2.026657799,4, 432,0.000074000
Monte-Carlo, 0.026657799, 2.026657799,4, 432,0.000066000
Monte-Carlo, 0.026657799, 2.026657799,4, 432,0.000061000
Monte-Carlo, 0.026657799, 2.026657799,4, 432,0.000106000
Monte-Carlo, 0.055678434, 2.055678434,4, 432,0.000070000
Monte-Carlo, 0.055678434, 2.055678434,4, 432,0.000076000
Monte-Carlo, 0.055678434, 2.055678434,4, 432,0.000162000
Monte-Carlo, 0.055678434, 2.055678434,4, 432,0.000063000
Monte-Carlo, 0.055467308, 2.055467308,4, 588,0.000161000
Monte-Carlo, 0.055467308, 2.055467308,4, 588,0.000064000
Monte-Carlo, 0.055467308, 2.055467308,4, 588,0.000055000
Monte-Carlo, 0.055467308, 2.055467308,4, 588,0.000080000
Monte-Carlo, 0.055467308, 2.055467308,4, 588,0.000245000
Monte-Carlo, 0.055467308, 2.055467308,4, 588,0.000110000
Monte-Carlo, 0.010561157, 1.989438843,4, 588,0.000160000
Monte-Carlo, 0.010561157, 1.989438843,4, 588,0.000152000
Monte-Carlo, 0.010561157, 1.989438843,4, 588,0.000150000
Monte-Carlo, 0.010561157, 1.989438843,4, 588,0.000059000
Monte-Carlo, 0.010561157, 1.989438843,4, 588,0.000130000
Monte-Carlo, 0.010561157, 1.989438843,4, 588,0.000088000
Monte-Carlo, 0.010561157, 1.989438843,4, 588,0.000072000
Monte-Carlo, 0.010561157, 1.989438843,4, 588,0.000106000
Monte-Carlo, 0.010561157, 1.989438843,4, 588,0.000133000
Monte-Carlo, 0.033684494, 1.966315506,4, 588,0.000081000
Monte-Carlo, 0.033684494, 1.966315506,4, 588,0.000097000
Monte-Carlo, 0.033684494, 1.966315506,4, 588,0.000078000
Monte-Carlo, 0.033684494, 1.966315506,4, 588,0.000077000
Monte-Carlo, 0.033684494, 1.966315506,4, 588,0.000069000
Monte-Carlo, 0.033684494, 1.966315506,4, 588,0.000112000
Monte-Carlo, 0.033684494, 1.966315506,4, 588,0.000112000
Monte-Carlo, 0.061416130, 1.938583870,4, 588,0.000152000
Monte-Carlo, 0.061416130, 1.938583870,4, 588,0.000084000
Monte-Carlo, 0.061416130, 1.938583870,4, 588,0.000062000
Monte-Carlo, 0.061416130, 1.938583870,4, 588,0.000100000
Monte-Carlo, 0.061416130, 1.938583870,4, 588,0.000164000
Monte-Carlo, 0.061416130, 1.938583870,4, 588,0.000136000
Monte-Carlo, 0.061416130, 1.938583870,4, 588,0.000099000
Monte-Carlo, 0.061416130, 1.938583870,4, 588,0.000057000
Monte-Carlo, 0.050919447, 1.949080553,4, 588,0.000078000
Monte-Carlo, 0.050919447, 1.949080553,4, 588,0.000062000
Monte-Carlo, 0.050919447, 1.949080553,4, 588,0.000127000
Monte-Carlo, 0.050919447, 1.949080553,4, 588,0.000129000
Monte-Carlo, 0.050919447, 1.949080553,4, 588,0.000064000
Monte-Carlo, 0.050919447, 1.949080553,4, 588,0.000056000
Monte-Carlo, 0.050919447, 1.949080553,4, 588,0.000133000
Monte-Carlo, 0.050919447, 1.949080553,4, 588,0.000197000
Monte-Carlo, 0.017669426, 1.982330574,4, 588,0.000077000
Monte-Carlo, 0.017669426, 1.982330574,4, 588,0.000086000
Monte-Carlo, 0.017669426, 1.982330574,4, 588,0.000137000
Monte-Carlo, 0.017669426, 1.982330574,4, 588,0.000045000
Monte-Carlo, 0.017669426, 1.982330574,4, 588,0.000068000
Monte-Carlo, 0.017669426, 1.982330574,4, 588,0.000058000
Monte-Carlo, 0.017669426, 1.982330574,4, 588,0.000080000
Monte-Carlo, 0.017669426, 1.982330574,4, 588,0.000145000
Monte-Carlo, 0.030089130, 1.969910870,4, 588,0.000053000
Monte-Carlo, 0.030089130, 1.969910870,4, 588,0.000166000
Monte-Carlo, 0.030089130, 1.969910870,4, 588,0.000177000
Monte-Carlo, 0.030089130, 1.969910870,4, 588,0.000078000
Monte-Carlo, 0.019017474, 1.980982526,4, 768,0.000080000
Monte-Carlo, 0.019017474, 1.980982526,4, 768,0.000174000
Monte-Carlo, 0.019017474, 1.980982526,4, 768,0.000068000
Monte-Carlo, 0.052533709, 1.947466291,4, 768,0.000071000
Monte-Carlo, 0.052533709, 1.947466291,4, 768,0.000060000
Monte-Carlo, 0.052533709, 1.947466291,4, 768,0.000134000
Monte-Carlo, 0.052533709, 1.947466291,4, 768,0.000070000
Monte-Carlo, 0.052533709, 1.947466291,4, 768,0.000079000
Monte-Carlo, 0.052533709, 1.947466291,4, 768,0.000176000
Monte-Carlo, 0.052533709, 1.947466291,4, 768,0.000058000
Monte-Carlo, 0.089151413, 1.910848587,4, 768,0.000075000
Monte-Carlo, 0.089151413, 1.910848587,4, 768,0.000081000
Monte-Carlo, 0.089151413, 1.910848587,4, 768,0.000183000
Monte-Carlo, 0.089151413, 1.910848587,4, 768,0.000178000
Monte-Carlo, 0.089151413, 1.910848587,4, 768,0.000130000
Monte-Carlo, 0.089151413, 1.910848587,4, 768,0.000182000
Monte-Carlo, 0.089151413, 1.910848587,4, 768,0.000139000
Monte-Carlo, 0.079841412, 1.920158588,4, 768,0.000076000
Monte-Carlo, 0.079841412, 1.920158588,4, 768,0.000082000
Monte-Carlo, 0.079841412, 1.920158588,4, 768,0.000066000
Monte-Carlo, 0.079841412, 1.920158588,4, 768,0.000137000
Monte-Carlo, 0.079841412, 1.920158588,4, 768,0.000084000
Monte-Carlo, 0.079841412, 1.920158588,4, 768,0.000098000
Monte-Carlo, 0.079841412, 1.920158588,4, 768,0.000064000
Monte-Carlo, 0.059565573, 1.940434427,4, 768,0.000071000
Monte-Carlo, 0.059565573, 1.940434427,4, 768,0.000081000
Monte-Carlo, 0.059565573, 1.940434427,4, 768,0.000137000
Monte-Carlo, 0.059565573, 1.940434427,4, 768,0.000189000
Monte-Carlo, 0.059565573, 1.940434427,4, 768,0.000168000
Monte-Carlo, 0.059565573, 1.940434427,4, 768,0.000117000
Monte-Carlo, 0.059565573, 1.940434427,4, 768,0.000153000
Monte-Carlo, 0.059565573, 1.940434427,4, 768,0.000169000
Monte-Carlo, 0.021690856, 1.978309144,4, 768,0.000063000
Monte-Carlo, 0.021690856, 1.978309144,4, 768,0.000152000
Monte-Carlo, 0.021690856, 1.978309144,4, 768,0.000185000
Monte-Carlo, 0.021690856, 1.978309144,4, 768,0.000072000
Monte-Carlo, 0.021690856, 1.978309144,4, 768,0.000158000
Monte-Carlo, 0.021690856, 1.978309144,4, 768,0.000063000
Monte-Carlo, 0.021690856, 1.978309144,4, 768,0.000157000
Monte-Carlo, 0.017713316, 1.982286684,4, 768,0.000097000
Monte-Carlo, 0.017713316, 1.982286684,4, 768,0.000076000
Monte-Carlo, 0.017713316, 1.982286684,4, 768,0.000057000
Monte-Carlo, 0.017713316, 1.982286684,4, 768,0.000072000
Monte-Carlo, 0.017713316, 1.982286684,4, 768,0.000072000
Monte-Carlo, 0.017713316, 1.982286684,4, 768,0.000076000
Monte-Carlo, 0.017713316, 1.982286684,4, 768,0.000223000
Monte-Carlo, 0.017713316, 1.982286684,4, 768,0.000132000
Monte-Carlo, 0.049916218, 1.950083782,4, 768,0.000079000
Monte-Carlo, 0.049916218, 1.950083782,4, 768,0.000088000
Monte-Carlo, 0.049916218, 1.950083782,4, 768,0.000303000
Monte-Carlo, 0.045445658, 1.954554342,4, 972,0.000098000
Monte-Carlo, 0.045445658, 1.954554342,4, 972,0.000158000
Monte-Carlo, 0.045445658, 1.954554342,4, 972,0.000182000
Monte-Carlo, 0.045445658, 1.954554342,4, 972,0.000094000
Monte-Carlo, 0.023508235, 1.976491765,4, 972,0.000135000
Monte-Carlo, 0.023508235, 1.976491765,4, 972,0.000077000
Monte-Carlo, 0.023508235, 1.976491765,4, 972,0.000094000
Monte-Carlo, 0.023508235, 1.976491765,4, 972,0.000214000
Monte-Carlo, 0.023508235, 1.976491765,4, 972,0.000057000
Monte-Carlo, 0.023508235, 1.976491765,4, 972,0.000152000
Monte-Carlo, 0.023508235, 1.976491765,4, 972,0.000154000
Monte-Carlo, 0.023508235, 1.976491765,4, 972,0.000176000
Monte-Carlo, 0.023508235, 1.976491765,4, 972,0.000075000
Monte-Carlo, 0.022459002, 1.977540998,4, 972,0.000206000
Monte-Carlo, 0.022459002, 1.977540998,4, 972,0.000087000
Monte-Carlo, 0.022459002, 1.977540998,4, 972,0.000071000
Monte-Carlo, 0.022459002, 1.977540998,4, 972,0.000156000
Monte-Carlo, 0.022459002, 1.977540998,4, 972,0.000070000
Monte-Carlo, 0.022459002, 1.977540998,4, 972,0.000144000
Monte-Carlo, 0.022459002, 1.977540998,4, 972,0.000097000
Monte-Carlo, 0.022459002, 1.977540998,4, 972,0.000087000
Monte-Carlo, 0.030114242, 1.969885758,4, 972,0.000091000
Monte-Carlo, 0.030114242, 1.969885758,4, 972,0.000110000
Monte-Carlo, 0.030114242, 1.969885758,4, 972,0.000106000
Monte-Carlo, 0.030114242, 1.969885758,4, 972,0.000131000
Monte-Carlo, 0.030114242, 1.969885758,4, 972,0.000103000
Monte-Carlo, 0.030114242, 1.969885758,4, 972,0.000102000
Monte-Carlo, 0.030114242, 1.969885758,4, 972,0.000076000
Monte-Carlo, 0.030114242, 1.969885758,4, 972,0.000079000
Monte-Carlo, 0.022022005, 1.977977995,4, 972,0.000143000
Monte-Carlo, 0.022022005, 1.977977995,4, 972,0.000144000
Monte-Carlo, 0.022022005, 1.977977995,4, 972,0.000158000
Monte-Carlo, 0.022022005, 1.977977995,4, 972,0.000095000
Monte-Carlo, 0.022022005, 1.977977995,4, 972,0.000129000
Monte-Carlo, 0.022022005, 1.977977995,4, 972,0.000064000
Monte-Carlo, 0.022022005, 1.977977995,4, 972,0.000078000
Monte-Carlo, 0.033990108, 1.966009892,4, 972,0.000152000
Monte-Carlo, 0.033990108, 1.966009892,4, 972,0.000208000
Monte-Carlo, 0.033990108, 1.966009892,4, 972,0.000058000
Monte-Carlo, 0.033990108, 1.966009892,4, 972,0.000078000
Monte-Carlo, 0.033990108, 1.966009892,4, 972,0.000096000
Monte-Carlo, 0.033990108, 1.966009892,4, 972,0.000168000
Monte-Carlo, 0.033990108, 1.966009892,4, 972,0.000064000
Monte-Carlo, 0.020283839, 1.979716161,4, 972,0.000085000
Monte-Carlo, 0.020283839, 1.979716161,4, 972,0.000168000
Monte-Carlo, 0.020283839, 1.979716161,4, 972,0.000136000
Monte-Carlo, 0.020283839, 1.979716161,4, 972,0.000153000
Monte-Carlo, 0.020283839, 1.979716161,4, 972,0.000112000
Monte-Carlo, 0.020283839, 1.979716161,4, 972,0.000181000
Monte-Carlo, 0.020283839, 1.979716161,4, 972,0.000085000
Monte-Carlo, 0.012849896, 1.987150104,4, 1200,0.000246000
Monte-Carlo, 0.012849896, 1.987150104,4, 1200,0.000070000
Monte-Carlo, 0.012849896, 1.987150104,4, 1200,0.000123000
Monte-Carlo, 0.012849896, 1.987150104,4, 1200,0.000064000
Monte-Carlo, 0.012849896, 1.987150104,4, 1200,0.000084000
Monte-Carlo, 0.012849896, 1.987150104,4, 1200,0.000079000
Monte-Carlo, 0.012849896, 1.987150104,4, 1200,0.000147000
Monte-Carlo, 0.012849896, 1.987150104,4, 1200,0.000063000
Monte-Carlo, 0.031493978, 1.968506022,4, 1200,0.000082000
Monte-Carlo, 0.031493978, 1.968506022,4, 1200,0.000177000
Monte-Carlo, 0.031493978, 1.968506022,4, 1200,0.000076000
Monte-Carlo, 0.031493978, 1.968506022,4, 1200,0.000116000
Monte-Carlo, 0.031493978, 1.968506022,4, 1200,0.000202000
Monte-Carlo, 0.031493978, 1.968506022,4, 1200,0.000166000
Monte-Carlo, 0.031493978, 1.968506022,4, 1200,0.000126000
Monte-Carlo, 0.011738254, 1.988261746,4, 1200,0.000185000
Monte-Carlo, 0.011738254, 1.988261746,4, 1200,0.000134000
Monte-Carlo, 0.011738254, 1.988261746,4, 1200,0.000062000
Monte-Carlo, 0.011738254, 1.988261746,4, 1200,0.000094000
Monte-Carlo, 0.011738254, 1.988261746,4, 1200,0.000122000
Monte-Carlo, 0.011738254, 1.988261746,4, 1200,0.000082000
Monte-Carlo, 0.011738254, 1.988261746,4, 1200,0.000109000
Monte-Carlo, 0.011738254, 1.988261746,4, 1200,0.000159000
Monte-Carlo, 0.011738254, 1.988261746,4, 1200,0.000089000
Monte-Carlo, 0.048385312, 1.951614688,4, 1200,0.000080000
Monte-Carlo, 0.048385312, 1.951614688,4, 1200,0.000081000
Monte-Carlo, 0.048385312, 1.951614688,4, 1200,0.000081000
Monte-Carlo, 0.048385312, 1.951614688,4, 1200,0.000085000
Monte-Carlo, 0.048385312, 1.951614688,4, 1200,0.007236000
Monte-Carlo, 0.048385312, 1.951614688,4, 1200,0.000115000
Monte-Carlo, 0.016783677, 1.983216323,4, 1200,0.000156000
Monte-Carlo, 0.016783677, 1.983216323,4, 1200,0.000094000
Monte-Carlo, 0.016783677, 1.983216323,4, 1200,0.000167000
Monte-Carlo, 0.016783677, 1.983216323,4, 1200,0.000149000
Monte-Carlo, 0.016783677, 1.983216323,4, 1200,0.000131000
Monte-Carlo, 0.016783677, 1.983216323,4, 1200,0.000082000
Monte-Carlo, 0.016783677, 1.983216323,4, 1200,0.000068000
Monte-Carlo, 0.016783677, 1.983216323,4, 1200,0.000109000
Monte-Carlo, 0.020068204, 2.020068204,4, 1200,0.000094000
Monte-Carlo, 0.020068204, 2.020068204,4, 1200,0.000091000
Monte-Carlo, 0.020068204, 2.020068204,4, 1200,0.000116000
Monte-Carlo, 0.020068204, 2.020068204,4, 1200,0.000222000
Monte-Carlo, 0.020068204, 2.020068204,4, 1200,0.000124000
Monte-Carlo, 0.020068204, 2.020068204,4, 1200,0.000071000
Monte-Carlo, 0.002997849, 2.002997849,4, 1200,0.000084000
Monte-Carlo, 0.002997849, 2.002997849,4, 1200,0.000093000
Monte-Carlo, 0.002997849, 2.002997849,4, 1200,0.000092000
Monte-Carlo, 0.002997849, 2.002997849,4, 1200,0.000106000
Monte-Carlo, 0.002997849, 2.002997849,4, 1200,0.000066000
Monte-Carlo, 0.002997849, 2.002997849,4, 1200,0.000111000
Monte-Carlo, 0.001138556, 2.001138556,4, 1452,0.000070000
Monte-Carlo, 0.032227640, 2.032227640,4, 1452,0.000204000
Monte-Carlo, 0.032227640, 2.032227640,4, 1452,0.000090000
Monte-Carlo, 0.032227640, 2.032227640,4, 1452,0.000100000
Monte-Carlo, 0.032227640, 2.032227640,4, 1452,0.000099000
Monte-Carlo, 0.032227640, 2.032227640,4, 1452,0.000123000
Monte-Carlo, 0.032227640, 2.032227640,4, 1452,0.000119000
Monte-Carlo, 0.032227640, 2.032227640,4, 1452,0.000060000
Monte-Carlo, 0.016871089, 2.016871089,4, 1452,0.000075000
Monte-Carlo, 0.016871089, 2.016871089,4, 1452,0.000089000
Monte-Carlo, 0.016871089, 2.016871089,4, 1452,0.000170000
Monte-Carlo, 0.016871089, 2.016871089,4, 1452,0.000093000
Monte-Carlo, 0.016871089, 2.016871089,4, 1452,0.000176000
Monte-Carlo, 0.016871089, 2.016871089,4, 1452,0.000139000
Monte-Carlo, 0.016871089, 2.016871089,4, 1452,0.000161000
Monte-Carlo, 0.016871089, 2.016871089,4, 1452,0.000088000
Monte-Carlo, 0.007502123, 1.992497877,4, 1452,0.000081000
Monte-Carlo, 0.007502123, 1.992497877,4, 1452,0.000074000
Monte-Carlo, 0.007502123, 1.992497877,4, 1452,0.000060000
Monte-Carlo, 0.007502123, 1.992497877,4, 1452,0.000080000
Monte-Carlo, 0.007502123, 1.992497877,4, 1452,0.000132000
Monte-Carlo, 0.007502123, 1.992497877,4, 1452,0.000204000
Monte-Carlo, 0.007502123, 1.992497877,4, 1452,0.000165000
Monte-Carlo, 0.007502123, 1.992497877,4, 1452,0.000173000
Monte-Carlo, 0.041592685, 1.958407315,4, 1452,0.000112000
Monte-Carlo, 0.041592685, 1.958407315,4, 1452,0.000117000
Monte-Carlo, 0.041592685, 1.958407315,4, 1452,0.000197000
Monte-Carlo, 0.041592685, 1.958407315,4, 1452,0.000176000
Monte-Carlo, 0.041592685, 1.958407315,4, 1452,0.000105000
Monte-Carlo, 0.041592685, 1.958407315,4, 1452,0.000086000
Monte-Carlo, 0.041592685, 1.958407315,4, 1452,0.000141000
Monte-Carlo, 0.041592685, 1.958407315,4, 1452,0.000191000
Monte-Carlo, 0.041592685, 1.958407315,4, 1452,0.000075000
Monte-Carlo, 0.064936110, 1.935063890,4, 1452,0.000118000
Monte-Carlo, 0.064936110, 1.935063890,4, 1452,0.000084000
Monte-Carlo, 0.064936110, 1.935063890,4, 1452,0.000083000
Monte-Carlo, 0.064936110, 1.935063890,4, 1452,0.000073000
Monte-Carlo, 0.064936110, 1.935063890,4, 1452,0.000221000
Monte-Carlo, 0.064936110, 1.935063890,4, 1452,0.000176000
Monte-Carlo, 0.064936110, 1.935063890,4, 1452,0.000114000
Monte-Carlo, 0.064936110, 1.935063890,4, 1452,0.000196000
Monte-Carlo, 0.062217119, 1.937782881,4, 1452,0.000077000
Monte-Carlo, 0.062217119, 1.937782881,4, 1452,0.000088000
Monte-Carlo, 0.062217119, 1.937782881,4, 1452,0.000073000
Monte-Carlo, 0.062217119, 1.937782881,4, 1452,0.000086000
Monte-Carlo, 0.062217119, 1.937782881,4, 1452,0.000077000
Monte-Carlo, 0.062217119, 1.937782881,4, 1452,0.000147000
Monte-Carlo, 0.062217119, 1.937782881,4, 1452,0.000158000
Monte-Carlo, 0.047213527, 1.952786473,4, 1452,0.000102000
Monte-Carlo, 0.047213527, 1.952786473,4, 1452,0.000099000
Monte-Carlo, 0.055590203, 1.944409797,4, 1728,0.000133000
Monte-Carlo, 0.055590203, 1.944409797,4, 1728,0.000173000
Monte-Carlo, 0.055590203, 1.944409797,4, 1728,0.000138000
Monte-Carlo, 0.055590203, 1.944409797,4, 1728,0.000085000
Monte-Carlo, 0.055590203, 1.944409797,4, 1728,0.000068000
Monte-Carlo, 0.000864485, 1.999135515,4, 1728,0.000106000
Monte-Carlo, 0.000864485, 1.999135515,4, 1728,0.000108000
Monte-Carlo, 0.000864485, 1.999135515,4, 1728,0.000123000
Monte-Carlo, 0.000864485, 1.999135515,4, 1728,0.000089000
Monte-Carlo, 0.000864485, 1.999135515,4, 1728,0.000069000
Monte-Carlo, 0.000864485, 1.999135515,4, 1728,0.000078000
Monte-Carlo, 0.000864485, 1.999135515,4, 1728,0.000213000
Monte-Carlo, 0.000864485, 1.999135515,4, 1728,0.000096000
Monte-Carlo, 0.036104866, 2.036104866,4, 1728,0.000088000
Monte-Carlo, 0.036104866, 2.036104866,4, 1728,0.000110000
Monte-Carlo, 0.036104866, 2.036104866,4, 1728,0.000092000
Monte-Carlo, 0.036104866, 2.036104866,4, 1728,0.000069000
Monte-Carlo, 0.036104866, 2.036104866,4, 1728,0.000091000
Monte-Carlo, 0.036104866, 2.036104866,4, 1728,0.000147000
Monte-Carlo, 0.036104866, 2.036104866,4, 1728,0.000075000
Monte-Carlo, 0.015702191, 2.015702191,4, 1728,0.000106000
Monte-Carlo, 0.015702191, 2.015702191,4, 1728,0.000170000
Monte-Carlo, 0.015702191, 2.015702191,4, 1728,0.000123000
Monte-Carlo, 0.015702191, 2.015702191,4, 1728,0.000083000
Monte-Carlo, 0.015702191, 2.015702191,4, 1728,0.000116000
Monte-Carlo, 0.015702191, 2.015702191,4, 1728,0.000161000
Monte-Carlo, 0.015702191, 2.015702191,4, 1728,0.000095000
Monte-Carlo, 0.015702191, 2.015702191,4, 1728,0.000107000
Monte-Carlo, 0.020845139, 2.020845139,4, 1728,0.000131000
Monte-Carlo, 0.020845139, 2.020845139,4, 1728,0.000092000
Monte-Carlo, 0.020845139, 2.020845139,4, 1728,0.000142000
Monte-Carlo, 0.020845139, 2.020845139,4, 1728,0.000108000
Monte-Carlo, 0.020845139, 2.020845139,4, 1728,0.000170000
Monte-Carlo, 0.020845139, 2.020845139,4, 1728,0.000088000
Monte-Carlo, 0.020845139, 2.020845139,4, 1728,0.000076000
Monte-Carlo, 0.016583120, 2.016583120,4, 1728,0.000106000
Monte-Carlo, 0.016583120, 2.016583120,4, 1728,0.000071000
Monte-Carlo, 0.016583120, 2.016583120,4, 1728,0.000069000
Monte-Carlo, 0.016583120, 2.016583120,4, 1728,0.000193000
Monte-Carlo, 0.016583120, 2.016583120,4, 1728,0.000163000
Monte-Carlo, 0.016583120, 2.016583120,4, 1728,0.000112000
Monte-Carlo, 0.016583120, 2.016583120,4, 1728,0.000175000
Monte-Carlo, 0.001761090, 2.001761090,4, 1728,0.000129000
Monte-Carlo, 0.001761090, 2.001761090,4, 1728,0.000101000
Monte-Carlo, 0.001761090, 2.001761090,4, 1728,0.000111000
Monte-Carlo, 0.001761090, 2.001761090,4, 1728,0.000120000
Monte-Carlo, 0.001761090, 2.001761090,4, 1728,0.000104000
Monte-Carlo, 0.001761090, 2.001761090,4, 1728,0.000095000
Monte-Carlo, 0.001761090, 2.001761090,4, 1728,0.000087000
Monte-Carlo, 0.028371001, 2.028371001,4, 1728,0.000179000
Monte-Carlo, 0.027401198, 2.027401198,4, 2028,0.000210000
Monte-Carlo, 0.027401198, 2.027401198,4, 2028,0.000114000
Monte-Carlo, 0.027401198, 2.027401198,4, 2028,0.000079000
Monte-Carlo, 0.027401198, 2.027401198,4, 2028,0.000107000
Monte-Carlo, 0.027401198, 2.027401198,4, 2028,0.000111000
Monte-Carlo, 0.027401198, 2.027401198,4, 2028,0.000120000
Monte-Carlo, 0.027401198, 2.027401198,4, 2028,0.000075000
Monte-Carlo, 0.035128537, 2.035128537,4, 2028,0.000209000
Monte-Carlo, 0.035128537, 2.035128537,4, 2028,0.000086000
Monte-Carlo, 0.035128537, 2.035128537,4, 2028,0.000141000
Monte-Carlo, 0.035128537, 2.035128537,4, 2028,0.000125000
Monte-Carlo, 0.035128537, 2.035128537,4, 2028,0.000074000
Monte-Carlo, 0.035128537, 2.035128537,4, 2028,0.000143000
Monte-Carlo, 0.035128537, 2.035128537,4, 2028,0.000096000
Monte-Carlo, 0.036432316, 2.036432316,4, 2028,0.000158000
Monte-Carlo, 0.036432316, 2.036432316,4, 2028,0.000142000
Monte-Carlo, 0.036432316, 2.036432316,4, 2028,0.000169000
Monte-Carlo, 0.036432316, 2.036432316,4, 2028,0.000125000
Monte-Carlo, 0.036432316, 2.036432316,4, 2028,0.000114000
Monte-Carlo, 0.036432316, 2.036432316,4, 2028,0.000118000
Monte-Carlo, 0.036432316, 2.036432316,4, 2028,0.000140000
Monte-Carlo, 0.036432316, 2.036432316,4, 2028,0.000220000
Monte-Carlo, 0.037848061, 2.037848061,4, 2028,0.000113000
Monte-Carlo, 0.037848061, 2.037848061,4, 2028,0.000107000
Monte-Carlo, 0.037848061, 2.037848061,4, 2028,0.000133000
Monte-Carlo, 0.037848061, 2.037848061,4, 2028,0.000168000
Monte-Carlo, 0.037848061, 2.037848061,4, 2028,0.000069000
Monte-Carlo, 0.037848061, 2.037848061,4, 2028,0.000121000
Monte-Carlo, 0.037848061, 2.037848061,4, 2028,0.000085000
Monte-Carlo, 0.009828565, 2.009828565,4, 2028,0.000139000
Monte-Carlo, 0.009828565, 2.009828565,4, 2028,0.000141000
Monte-Carlo, 0.009828565, 2.009828565,4, 2028,0.000087000
Monte-Carlo, 0.009828565, 2.009828565,4, 2028,0.000069000
Monte-Carlo, 0.009828565, 2.009828565,4, 2028,0.000085000
Monte-Carlo, 0.009828565, 2.009828565,4, 2028,0.000190000
Monte-Carlo, 0.009828565, 2.009828565,4, 2028,0.000107000
Monte-Carlo, 0.006497348, 2.006497348,4, 2028,0.000130000
Monte-Carlo, 0.006497348, 2.006497348,4, 2028,0.000163000
Monte-Carlo, 0.006497348, 2.006497348,4, 2028,0.000182000
Monte-Carlo, 0.006497348, 2.006497348,4, 2028,0.000121000
Monte-Carlo, 0.006497348, 2.006497348,4, 2028,0.000103000
Monte-Carlo, 0.006497348, 2.006497348,4, 2028,0.000244000
Monte-Carlo, 0.006497348, 2.006497348,4, 2028,0.000188000
Monte-Carlo, 0.001766709, 1.998233291,4, 2028,0.000172000
Monte-Carlo, 0.001766709, 1.998233291,4, 2028,0.000235000
Monte-Carlo, 0.001766709, 1.998233291,4, 2028,0.000166000
Monte-Carlo, 0.001766709, 1.998233291,4, 2028,0.000109000
Monte-Carlo, 0.001766709, 1.998233291,4, 2028,0.000089000
Monte-Carlo, 0.001766709, 1.998233291,4, 2028,0.000070000
Monte-Carlo, 0.001766709, 1.998233291,4, 2028,0.000071000
Monte-Carlo, 0.002992071, 1.997007929,4, 2352,0.000138000
Monte-Carlo, 0.002992071, 1.997007929,4, 2352,0.000079000
Monte-Carlo, 0.002992071, 1.997007929,4, 2352,0.000078000
Monte-Carlo, 0.002992071, 1.997007929,4, 2352,0.000142000
Monte-Carlo, 0.002992071, 1.997007929,4, 2352,0.000131000
Monte-Carlo, 0.002992071, 1.997007929,4, 2352,0.000115000
Monte-Carlo, 0.002992071, 1.997007929,4, 2352,0.000101000
Monte-Carlo, 0.012318038, 2.012318038,4, 2352,0.000089000
Monte-Carlo, 0.012318038, 2.012318038,4, 2352,0.000118000
Monte-Carlo, 0.012318038, 2.012318038,4, 2352,0.000107000
Monte-Carlo, 0.012318038, 2.012318038,4, 2352,0.000185000
Monte-Carlo, 0.012318038, 2.012318038,4, 2352,0.000127000
Monte-Carlo, 0.012318038, 2.012318038,4, 2352,0.000161000
Monte-Carlo, 0.012318038, 2.012318038,4, 2352,0.000196000
Monte-Carlo, 0.002244614, 2.002244614,4, 2352,0.000133000
Monte-Carlo, 0.002244614, 2.002244614,4, 2352,0.000116000
Monte-Carlo, 0.002244614, 2.002244614,4, 2352,0.000111000
Monte-Carlo, 0.002244614, 2.002244614,4, 2352,0.000148000
Monte-Carlo, 0.002244614, 2.002244614,4, 2352,0.000182000
Monte-Carlo, 0.002244614, 2.002244614,4, 2352,0.000112000
Monte-Carlo, 0.002244614, 2.002244614,4, 2352,0.000113000
Monte-Carlo, 0.003652426, 2.003652426,4, 2352,0.000101000
Monte-Carlo, 0.003652426, 2.003652426,4, 2352,0.000110000
Monte-Carlo, 0.003652426, 2.003652426,4, 2352,0.000208000
Monte-Carlo, 0.003652426, 2.003652426,4, 2352,0.000198000
Monte-Carlo, 0.003652426, 2.003652426,4, 2352,0.000081000
Monte-Carlo, 0.003652426, 2.003652426,4, 2352,0.000131000
Monte-Carlo, 0.003652426, 2.003652426,4, 2352,0.000209000
Monte-Carlo, 0.000846512, 1.999153488,4, 2352,0.000138000
Monte-Carlo, 0.000846512, 1.999153488,4, 2352,0.000107000
Monte-Carlo, 0.000846512, 1.999153488,4, 2352,0.000133000
Monte-Carlo, 0.000846512, 1.999153488,4, 2352,0.000099000
Monte-Carlo, 0.000846512, 1.999153488,4, 2352,0.000150000
Monte-Carlo, 0.000846512, 1.999153488,4, 2352,0.000182000
Monte-Carlo, 0.010256350, 2.010256350,4, 2352,0.000131000
Monte-Carlo, 0.010256350, 2.010256350,4, 2352,0.000184000
Monte-Carlo, 0.010256350, 2.010256350,4, 2352,0.000143000
Monte-Carlo, 0.010256350, 2.010256350,4, 2352,0.000075000
Monte-Carlo, 0.010256350, 2.010256350,4, 2352,0.000173000
Monte-Carlo, 0.010256350, 2.010256350,4, 2352,0.000125000
Monte-Carlo, 0.010256350, 2.010256350,4, 2352,0.000140000
Monte-Carlo, 0.033302323, 2.033302323,4, 2352,0.000109000
Monte-Carlo, 0.033302323, 2.033302323,4, 2352,0.000095000
Monte-Carlo, 0.033302323, 2.033302323,4, 2352,0.000118000
Monte-Carlo, 0.033302323, 2.033302323,4, 2352,0.000099000
Monte-Carlo, 0.033302323, 2.033302323,4, 2352,0.000087000
Monte-Carlo, 0.033302323, 2.033302323,4, 2352,0.000145000
Monte-Carlo, 0.033302323, 2.033302323,4, 2352,0.000164000
Monte-Carlo, 0.026866351, 2.026866351,4, 2352,0.000129000
Monte-Carlo, 0.026866351, 2.026866351,4, 2352,0.000098000
Monte-Carlo, 0.017611487, 2.017611487,4, 2700,0.000128000
Monte-Carlo, 0.017611487, 2.017611487,4, 2700,0.000090000
Monte-Carlo, 0.017611487, 2.017611487,4, 2700,0.000131000
Monte-Carlo, 0.017611487, 2.017611487,4, 2700,0.000124000
Monte-Carlo, 0.017611487, 2.017611487,4, 2700,0.000158000
Monte-Carlo, 0.012506182, 2.012506182,4, 2700,0.000201000
Monte-Carlo, 0.012506182, 2.012506182,4, 2700,0.000132000
Monte-Carlo, 0.012506182, 2.012506182,4, 2700,0.000121000
Monte-Carlo, 0.012506182, 2.012506182,4, 2700,0.000108000
Monte-Carlo, 0.012506182, 2.012506182,4, 2700,0.000134000
Monte-Carlo, 0.012506182, 2.012506182,4, 2700,0.000117000
Monte-Carlo, 0.012506182, 2.012506182,4, 2700,0.000243000
Monte-Carlo, 0.012506182, 2.012506182,4, 2700,0.000116000
Monte-Carlo, 0.007441297, 2.007441297,4, 2700,0.000126000
Monte-Carlo, 0.007441297, 2.007441297,4, 2700,0.000112000
Monte-Carlo, 0.007441297, 2.007441297,4, 2700,0.000070000
Monte-Carlo, 0.007441297, 2.007441297,4, 2700,0.000076000
Monte-Carlo, 0.007441297, 2.007441297,4, 2700,0.000086000
Monte-Carlo, 0.007441297, 2.007441297,4, 2700,0.000096000
Monte-Carlo, 0.007441297, 2.007441297,4, 2700,0.000119000
Monte-Carlo, 0.006155935, 1.993844065,4, 2700,0.000086000
Monte-Carlo, 0.006155935, 1.993844065,4, 2700,0.000150000
Monte-Carlo, 0.006155935, 1.993844065,4, 2700,0.000105000
Monte-Carlo, 0.006155935, 1.993844065,4, 2700,0.000148000
Monte-Carlo, 0.006155935, 1.993844065,4, 2700,0.000102000
Monte-Carlo, 0.006155935, 1.993844065,4, 2700,0.000215000
Monte-Carlo, 0.006155935, 1.993844065,4, 2700,0.000190000
Monte-Carlo, 0.002237791, 1.997762209,4, 2700,0.000133000
Monte-Carlo, 0.002237791, 1.997762209,4, 2700,0.000081000
Monte-Carlo, 0.002237791, 1.997762209,4, 2700,0.000161000
Monte-Carlo, 0.002237791, 1.997762209,4, 2700,0.000110000
Monte-Carlo, 0.002237791, 1.997762209,4, 2700,0.000110000
Monte-Carlo, 0.002237791, 1.997762209,4, 2700,0.000111000
Monte-Carlo, 0.002237791, 1.997762209,4, 2700,0.000105000
Monte-Carlo, 0.004793188, 2.004793188,4, 2700,0.000128000
Monte-Carlo, 0.004793188, 2.004793188,4, 2700,0.000109000
Monte-Carlo, 0.004793188, 2.004793188,4, 2700,0.000095000
Monte-Carlo, 0.004793188, 2.004793188,4, 2700,0.000234000
Monte-Carlo, 0.004793188, 2.004793188,4, 2700,0.000130000
Monte-Carlo, 0.004793188, 2.004793188,4, 2700,0.000107000
Monte-Carlo, 0.004793188, 2.004793188,4, 2700,0.000150000
Monte-Carlo, 0.003780851, 1.996219149,4, 2700,0.000118000
Monte-Carlo, 0.003780851, 1.996219149,4, 2700,0.000073000
Monte-Carlo, 0.003780851, 1.996219149,4, 2700,0.000162000
Monte-Carlo, 0.003780851, 1.996219149,4, 2700,0.000083000
Monte-Carlo, 0.003780851, 1.996219149,4, 2700,0.000085000
Monte-Carlo, 0.003780851, 1.996219149,4, 2700,0.000221000
Monte-Carlo, 0.003780851, 1.996219149,4, 2700,0.000171000
Monte-Carlo, 0.003780851, 1.996219149,4, 2700,0.000095000
Monte-Carlo, 0.009737076, 2.009737076,4, 2700,0.000156000
Monte-Carlo, 0.002031925, 1.997968075,4, 3072,0.000214000
Monte-Carlo, 0.002031925, 1.997968075,4, 3072,0.000245000
Monte-Carlo, 0.002031925, 1.997968075,4, 3072,0.000131000
Monte-Carlo, 0.002031925, 1.997968075,4, 3072,0.000182000
Monte-Carlo, 0.002031925, 1.997968075,4, 3072,0.000120000
Monte-Carlo, 0.002031925, 1.997968075,4, 3072,0.000116000
Monte-Carlo, 0.016974067, 1.983025933,4, 3072,0.000097000
Monte-Carlo, 0.016974067, 1.983025933,4, 3072,0.000161000
Monte-Carlo, 0.016974067, 1.983025933,4, 3072,0.000144000
Monte-Carlo, 0.016974067, 1.983025933,4, 3072,0.000192000
Monte-Carlo, 0.016974067, 1.983025933,4, 3072,0.000181000
Monte-Carlo, 0.016974067, 1.983025933,4, 3072,0.000106000
Monte-Carlo, 0.016974067, 1.983025933,4, 3072,0.000106000
Monte-Carlo, 0.000717666, 1.999282334,4, 3072,0.000116000
Monte-Carlo, 0.000717666, 1.999282334,4, 3072,0.000154000
Monte-Carlo, 0.000717666, 1.999282334,4, 3072,0.000125000
Monte-Carlo, 0.000717666, 1.999282334,4, 3072,0.000180000
Monte-Carlo, 0.000717666, 1.999282334,4, 3072,0.000116000
Monte-Carlo, 0.000717666, 1.999282334,4, 3072,0.000214000
Monte-Carlo, 0.000717666, 1.999282334,4, 3072,0.000127000
Monte-Carlo, 0.003408929, 2.003408929,4, 3072,0.000198000
Monte-Carlo, 0.003408929, 2.003408929,4, 3072,0.000109000
Monte-Carlo, 0.003408929, 2.003408929,4, 3072,0.000250000
Monte-Carlo, 0.003408929, 2.003408929,4, 3072,0.000198000
Monte-Carlo, 0.003408929, 2.003408929,4, 3072,0.000199000
Monte-Carlo, 0.003408929, 2.003408929,4, 3072,0.000104000
Monte-Carlo, 0.003408929, 2.003408929,4, 3072,0.000178000
Monte-Carlo, 0.002310385, 2.002310385,4, 3072,0.000149000
Monte-Carlo, 0.002310385, 2.002310385,4, 3072,0.000147000
Monte-Carlo, 0.002310385, 2.002310385,4, 3072,0.000175000
Monte-Carlo, 0.002310385, 2.002310385,4, 3072,0.000198000
Monte-Carlo, 0.002310385, 2.002310385,4, 3072,0.000098000
Monte-Carlo, 0.002310385, 2.002310385,4, 3072,0.000095000
Monte-Carlo, 0.002310385, 2.002310385,4, 3072,0.000214000
Monte-Carlo, 0.026970805, 2.026970805,4, 3072,0.000187000
Monte-Carlo, 0.026970805, 2.026970805,4, 3072,0.000080000
Monte-Carlo, 0.026970805, 2.026970805,4, 3072,0.000131000
Monte-Carlo, 0.026970805, 2.026970805,4, 3072,0.000192000
Monte-Carlo, 0.026970805, 2.026970805,4, 3072,0.000211000
Monte-Carlo, 0.026970805, 2.026970805,4, 3072,0.000129000
Monte-Carlo, 0.026970805, 2.026970805,4, 3072,0.000095000
Monte-Carlo, 0.034652889, 2.034652889,4, 3072,0.000160000
Monte-Carlo, 0.034652889, 2.034652889,4, 3072,0.000117000
Monte-Carlo, 0.034652889, 2.034652889,4, 3072,0.000164000
Monte-Carlo, 0.034652889, 2.034652889,4, 3072,0.000137000
Monte-Carlo, 0.034652889, 2.034652889,4, 3072,0.000170000
Monte-Carlo, 0.034652889, 2.034652889,4, 3072,0.000084000
Monte-Carlo, 0.034652889, 2.034652889,4, 3072,0.000110000
Monte-Carlo, 0.029568491, 2.029568491,4, 3072,0.000164000
Monte-Carlo, 0.029568491, 2.029568491,4, 3072,0.000115000
Monte-Carlo, 0.033061662, 2.033061662,4, 3468,0.000140000
Monte-Carlo, 0.033061662, 2.033061662,4, 3468,0.000177000
Monte-Carlo, 0.033061662, 2.033061662,4, 3468,0.000121000
Monte-Carlo, 0.033061662, 2.033061662,4, 3468,0.000122000
Monte-Carlo, 0.023100308, 2.023100308,4, 3468,0.000133000
Monte-Carlo, 0.023100308, 2.023100308,4, 3468,0.000184000
Monte-Carlo, 0.023100308, 2.023100308,4, 3468,0.000104000
Monte-Carlo, 0.023100308, 2.023100308,4, 3468,0.000115000
Monte-Carlo, 0.023100308, 2.023100308,4, 3468,0.000090000
Monte-Carlo, 0.023100308, 2.023100308,4, 3468,0.000096000
Monte-Carlo, 0.023100308, 2.023100308,4, 3468,0.000161000
Monte-Carlo, 0.023100308, 2.023100308,4, 3468,0.000119000
Monte-Carlo, 0.009079616, 2.009079616,4, 3468,0.000114000
Monte-Carlo, 0.009079616, 2.009079616,4, 3468,0.000125000
Monte-Carlo, 0.009079616, 2.009079616,4, 3468,0.000117000
Monte-Carlo, 0.009079616, 2.009079616,4, 3468,0.000211000
Monte-Carlo, 0.009079616, 2.009079616,4, 3468,0.000114000
Monte-Carlo, 0.009079616, 2.009079616,4, 3468,0.000111000
Monte-Carlo, 0.009079616, 2.009079616,4, 3468,0.000169000
Monte-Carlo, 0.001416177, 2.001416177,4, 3468,0.000173000
Monte-Carlo, 0.001416177, 2.001416177,4, 3468,0.000220000
Monte-Carlo, 0.001416177, 2.001416177,4, 3468,0.000146000
Monte-Carlo, 0.001416177, 2.001416177,4, 3468,0.000109000
Monte-Carlo, 0.001416177, 2.001416177,4, 3468,0.000180000
Monte-Carlo, 0.001416177, 2.001416177,4, 3468,0.000114000
Monte-Carlo, 0.001416177, 2.001416177,4, 3468,0.000165000
Monte-Carlo, 0.009152554, 1.990847446,4, 3468,0.000154000
Monte-Carlo, 0.009152554, 1.990847446,4, 3468,0.000175000
Monte-Carlo, 0.009152554, 1.990847446,4, 3468,0.000107000
Monte-Carlo, 0.009152554, 1.990847446,4, 3468,0.000220000
Monte-Carlo, 0.009152554, 1.990847446,4, 3468,0.000122000
Monte-Carlo, 0.009152554, 1.990847446,4, 3468,0.000117000
Monte-Carlo, 0.009152554, 1.990847446,4, 3468,0.000108000
Monte-Carlo, 0.007503229, 1.992496771,4, 3468,0.000185000
Monte-Carlo, 0.007503229, 1.992496771,4, 3468,0.000153000
Monte-Carlo, 0.007503229, 1.992496771,4, 3468,0.000153000
Monte-Carlo, 0.007503229, 1.992496771,4, 3468,0.000194000
Monte-Carlo, 0.007503229, 1.992496771,4, 3468,0.000130000
Monte-Carlo, 0.007503229, 1.992496771,4, 3468,0.000124000
Monte-Carlo, 0.007503229, 1.992496771,4, 3468,0.000106000
Monte-Carlo, 0.006798167, 1.993201833,4, 3468,0.000149000
Monte-Carlo, 0.006798167, 1.993201833,4, 3468,0.000113000
Monte-Carlo, 0.006798167, 1.993201833,4, 3468,0.000090000
Monte-Carlo, 0.006798167, 1.993201833,4, 3468,0.000104000
Monte-Carlo, 0.006798167, 1.993201833,4, 3468,0.000103000
Monte-Carlo, 0.006798167, 1.993201833,4, 3468,0.000136000
Monte-Carlo, 0.006798167, 1.993201833,4, 3468,0.000171000
Monte-Carlo, 0.016285129, 1.983714871,4, 3468,0.000116000
Monte-Carlo, 0.016285129, 1.983714871,4, 3468,0.000160000
Monte-Carlo, 0.016285129, 1.983714871,4, 3468,0.000139000
Monte-Carlo, 0.016435381, 1.983564619,4, 3888,0.000102000
Monte-Carlo, 0.016435381, 1.983564619,4, 3888,0.000140000
Monte-Carlo, 0.016435381, 1.983564619,4, 3888,0.000139000
Monte-Carlo, 0.016435381, 1.983564619,4, 3888,0.000220000
Monte-Carlo, 0.008374311, 1.991625689,4, 3888,0.000249000
Monte-Carlo, 0.008374311, 1.991625689,4, 3888,0.000149000
Monte-Carlo, 0.008374311, 1.991625689,4, 3888,0.000143000
Monte-Carlo, 0.008374311, 1.991625689,4, 3888,0.000104000
Monte-Carlo, 0.008374311, 1.991625689,4, 3888,0.000122000
Monte-Carlo, 0.008374311, 1.991625689,4, 3888,0.000253000
Monte-Carlo, 0.008374311, 1.991625689,4, 3888,0.000193000
Monte-Carlo, 0.006257038, 2.006257038,4, 3888,0.000243000
Monte-Carlo, 0.006257038, 2.006257038,4, 3888,0.000110000
Monte-Carlo, 0.006257038, 2.006257038,4, 3888,0.000146000
Monte-Carlo, 0.006257038, 2.006257038,4, 3888,0.000106000
Monte-Carlo, 0.006257038, 2.006257038,4, 3888,0.000112000
Monte-Carlo, 0.006257038, 2.006257038,4, 3888,0.000192000
Monte-Carlo, 0.006257038, 2.006257038,4, 3888,0.000102000
Monte-Carlo, 0.007888888, 2.007888888,4, 3888,0.000188000
Monte-Carlo, 0.007888888, 2.007888888,4, 3888,0.000191000
Monte-Carlo, 0.007888888, 2.007888888,4, 3888,0.000144000
Monte-Carlo, 0.007888888, 2.007888888,4, 3888,0.000096000
Monte-Carlo, 0.007888888, 2.007888888,4, 3888,0.000107000
Monte-Carlo, 0.007888888, 2.007888888,4, 3888,0.000210000
Monte-Carlo, 0.007888888, 2.007888888,4, 3888,0.000095000
Monte-Carlo, 0.021882898, 2.021882898,4, 3888,0.000200000
Monte-Carlo, 0.021882898, 2.021882898,4, 3888,0.000131000
Monte-Carlo, 0.021882898, 2.021882898,4, 3888,0.000167000
Monte-Carlo, 0.021882898, 2.021882898,4, 3888,0.000176000
Monte-Carlo, 0.021882898, 2.021882898,4, 3888,0.000160000
Monte-Carlo, 0.021882898, 2.021882898,4, 3888,0.000158000
Monte-Carlo, 0.021882898, 2.021882898,4, 3888,0.000127000
Monte-Carlo, 0.007191297, 2.007191297,4, 3888,0.000117000
Monte-Carlo, 0.007191297, 2.007191297,4, 3888,0.000170000
Monte-Carlo, 0.007191297, 2.007191297,4, 3888,0.000135000
Monte-Carlo, 0.007191297, 2.007191297,4, 3888,0.000109000
Monte-Carlo, 0.007191297, 2.007191297,4, 3888,0.000175000
Monte-Carlo, 0.007191297, 2.007191297,4, 3888,0.000145000
Monte-Carlo, 0.007191297, 2.007191297,4, 3888,0.000153000
Monte-Carlo, 0.007191297, 2.007191297,4, 3888,0.000096000
Monte-Carlo, 0.005161312, 2.005161312,4, 3888,0.000098000
Monte-Carlo, 0.005161312, 2.005161312,4, 3888,0.000152000
Monte-Carlo, 0.005161312, 2.005161312,4, 3888,0.000202000
Monte-Carlo, 0.005161312, 2.005161312,4, 3888,0.000203000
Monte-Carlo, 0.005161312, 2.005161312,4, 3888,0.000118000
Monte-Carlo, 0.005161312, 2.005161312,4, 3888,0.000118000
Monte-Carlo, 0.005161312, 2.005161312,4, 3888,0.000184000
Monte-Carlo, 0.004843576, 2.004843576,4, 3888,0.000090000
Monte-Carlo, 0.004843576, 2.004843576,4, 3888,0.000150000
Monte-Carlo, 0.004843576, 2.004843576,4, 3888,0.000177000
Monte-Carlo, 0.006931282, 2.006931282,4, 4332,0.000123000
Monte-Carlo, 0.006931282, 2.006931282,4, 4332,0.000159000
Monte-Carlo, 0.006931282, 2.006931282,4, 4332,0.000162000
Monte-Carlo, 0.007823965, 2.007823965,4, 4332,0.000157000
Monte-Carlo, 0.007823965, 2.007823965,4, 4332,0.000213000
Monte-Carlo, 0.007823965, 2.007823965,4, 4332,0.000163000
Monte-Carlo, 0.007823965, 2.007823965,4, 4332,0.000173000
Monte-Carlo, 0.007823965, 2.007823965,4, 4332,0.000097000
Monte-Carlo, 0.007823965, 2.007823965,4, 4332,0.000177000
Monte-Carlo, 0.007823965, 2.007823965,4, 4332,0.000160000
Monte-Carlo, 0.007823965, 2.007823965,4, 4332,0.000194000
Monte-Carlo, 0.033772934, 2.033772934,4, 4332,0.000164000
Monte-Carlo, 0.033772934, 2.033772934,4, 4332,0.000155000
Monte-Carlo, 0.033772934, 2.033772934,4, 4332,0.000218000
Monte-Carlo, 0.033772934, 2.033772934,4, 4332,0.000164000
Monte-Carlo, 0.033772934, 2.033772934,4, 4332,0.000237000
Monte-Carlo, 0.033772934, 2.033772934,4, 4332,0.000248000
Monte-Carlo, 0.033772934, 2.033772934,4, 4332,0.000091000
Monte-Carlo, 0.036146666, 2.036146666,4, 4332,0.000141000
Monte-Carlo, 0.036146666, 2.036146666,4, 4332,0.000111000
Monte-Carlo, 0.036146666, 2.036146666,4, 4332,0.000136000
Monte-Carlo, 0.036146666, 2.036146666,4, 4332,0.000108000
Monte-Carlo, 0.036146666, 2.036146666,4, 4332,0.000249000
Monte-Carlo, 0.036146666, 2.036146666,4, 4332,0.000194000
Monte-Carlo, 0.036146666, 2.036146666,4, 4332,0.000161000
Monte-Carlo, 0.020727051, 2.020727051,4, 4332,0.000100000
Monte-Carlo, 0.020727051, 2.020727051,4, 4332,0.000140000
Monte-Carlo, 0.020727051, 2.020727051,4, 4332,0.000147000
Monte-Carlo, 0.020727051, 2.020727051,4, 4332,0.000149000
Monte-Carlo, 0.020727051, 2.020727051,4, 4332,0.000261000
Monte-Carlo, 0.020727051, 2.020727051,4, 4332,0.000154000
Monte-Carlo, 0.004444106, 1.995555894,4, 4332,0.000216000
Monte-Carlo, 0.004444106, 1.995555894,4, 4332,0.000170000
Monte-Carlo, 0.004444106, 1.995555894,4, 4332,0.000219000
Monte-Carlo, 0.004444106, 1.995555894,4, 4332,0.000159000
Monte-Carlo, 0.004444106, 1.995555894,4, 4332,0.000193000
Monte-Carlo, 0.004444106, 1.995555894,4, 4332,0.000127000
Monte-Carlo, 0.004444106, 1.995555894,4, 4332,0.000122000
Monte-Carlo, 0.027697357, 1.972302643,4, 4332,0.000114000
Monte-Carlo, 0.027697357, 1.972302643,4, 4332,0.000107000
Monte-Carlo, 0.027697357, 1.972302643,4, 4332,0.000119000
Monte-Carlo, 0.027697357, 1.972302643,4, 4332,0.000267000
Monte-Carlo, 0.027697357, 1.972302643,4, 4332,0.000206000
Monte-Carlo, 0.027697357, 1.972302643,4, 4332,0.000266000
Monte-Carlo, 0.027697357, 1.972302643,4, 4332,0.000168000
Monte-Carlo, 0.036055034, 1.963944966,4, 4332,0.000134000
Monte-Carlo, 0.036055034, 1.963944966,4, 4332,0.000185000
Monte-Carlo, 0.036055034, 1.963944966,4, 4332,0.000163000
Monte-Carlo, 0.036055034, 1.963944966,4, 4332,0.000186000
Monte-Carlo, 0.036055034, 1.963944966,4, 4332,0.000166000
Monte-Carlo, 0.032367099, 1.967632901,4, 4800,0.000211000
Monte-Carlo, 0.032367099, 1.967632901,4, 4800,0.000123000
Monte-Carlo, 0.033356160, 1.966643840,4, 4800,0.000117000
Monte-Carlo, 0.033356160, 1.966643840,4, 4800,0.000229000
Monte-Carlo, 0.033356160, 1.966643840,4, 4800,0.000119000
Monte-Carlo, 0.033356160, 1.966643840,4, 4800,0.000108000
Monte-Carlo, 0.033356160, 1.966643840,4, 4800,0.000181000
Monte-Carlo, 0.033356160, 1.966643840,4, 4800,0.000121000
Monte-Carlo, 0.033356160, 1.966643840,4, 4800,0.000186000
Monte-Carlo, 0.026656978, 1.973343022,4, 4800,0.000178000
Monte-Carlo, 0.026656978, 1.973343022,4, 4800,0.000188000
Monte-Carlo, 0.026656978, 1.973343022,4, 4800,0.000226000
Monte-Carlo, 0.026656978, 1.973343022,4, 4800,0.000276000
Monte-Carlo, 0.026656978, 1.973343022,4, 4800,0.000153000
Monte-Carlo, 0.026656978, 1.973343022,4, 4800,0.000180000
Monte-Carlo, 0.026656978, 1.973343022,4, 4800,0.000106000
Monte-Carlo, 0.022566877, 1.977433123,4, 4800,0.000136000
Monte-Carlo, 0.022566877, 1.977433123,4, 4800,0.000134000
Monte-Carlo, 0.022566877, 1.977433123,4, 4800,0.000100000
Monte-Carlo, 0.022566877, 1.977433123,4, 4800,0.000100000
Monte-Carlo, 0.022566877, 1.977433123,4, 4800,0.000172000
Monte-Carlo, 0.022566877, 1.977433123,4, 4800,0.000134000
Monte-Carlo, 0.022566877, 1.977433123,4, 4800,0.000131000
Monte-Carlo, 0.022566877, 1.977433123,4, 4800,0.000151000
Monte-Carlo, 0.026934454, 1.973065546,4, 4800,0.000165000
Monte-Carlo, 0.026934454, 1.973065546,4, 4800,0.000175000
Monte-Carlo, 0.026934454, 1.973065546,4, 4800,0.000102000
Monte-Carlo, 0.026934454, 1.973065546,4, 4800,0.000179000
Monte-Carlo, 0.026934454, 1.973065546,4, 4800,0.000135000
Monte-Carlo, 0.026934454, 1.973065546,4, 4800,0.000147000
Monte-Carlo, 0.026934454, 1.973065546,4, 4800,0.000259000
Monte-Carlo, 0.012678868, 1.987321132,4, 4800,0.000263000
Monte-Carlo, 0.012678868, 1.987321132,4, 4800,0.000163000
Monte-Carlo, 0.012678868, 1.987321132,4, 4800,0.000104000
Monte-Carlo, 0.012678868, 1.987321132,4, 4800,0.000230000
Monte-Carlo, 0.012678868, 1.987321132,4, 4800,0.000141000
Monte-Carlo, 0.012678868, 1.987321132,4, 4800,0.000258000
Monte-Carlo, 0.012678868, 1.987321132,4, 4800,0.000136000
Monte-Carlo, 0.015090606, 1.984909394,4, 4800,0.000120000
Monte-Carlo, 0.015090606, 1.984909394,4, 4800,0.000131000
Monte-Carlo, 0.015090606, 1.984909394,4, 4800,0.000176000
Monte-Carlo, 0.015090606, 1.984909394,4, 4800,0.000190000
Monte-Carlo, 0.015090606, 1.984909394,4, 4800,0.000177000
Monte-Carlo, 0.015090606, 1.984909394,4, 4800,0.000151000
Monte-Carlo, 0.015090606, 1.984909394,4, 4800,0.000249000
Monte-Carlo, 0.015090606, 1.984909394,4, 4800,0.000188000
Monte-Carlo, 0.015090606, 1.984909394,4, 4800,0.000114000
Monte-Carlo, 0.008263455, 1.991736545,4, 4800,0.000108000
Monte-Carlo, 0.008263455, 1.991736545,4, 4800,0.000238000
Monte-Carlo, 0.008263455, 1.991736545,4, 4800,0.000278000
Monte-Carlo, 0.007513379, 1.992486621,4, 5292,0.000156000
Monte-Carlo, 0.007513379, 1.992486621,4, 5292,0.000277000
Monte-Carlo, 0.007513379, 1.992486621,4, 5292,0.000146000
Monte-Carlo, 0.007513379, 1.992486621,4, 5292,0.000140000
Monte-Carlo, 0.004025421, 1.995974579,4, 5292,0.000144000
Monte-Carlo, 0.004025421, 1.995974579,4, 5292,0.000132000
Monte-Carlo, 0.004025421, 1.995974579,4, 5292,0.000163000
Monte-Carlo, 0.004025421, 1.995974579,4, 5292,0.000153000
Monte-Carlo, 0.004025421, 1.995974579,4, 5292,0.000203000
Monte-Carlo, 0.004025421, 1.995974579,4, 5292,0.000172000
Monte-Carlo, 0.004025421, 1.995974579,4, 5292,0.000169000
Monte-Carlo, 0.007620363, 1.992379637,4, 5292,0.000171000
Monte-Carlo, 0.007620363, 1.992379637,4, 5292,0.000235000
Monte-Carlo, 0.007620363, 1.992379637,4, 5292,0.000124000
Monte-Carlo, 0.007620363, 1.992379637,4, 5292,0.000142000
Monte-Carlo, 0.007620363, 1.992379637,4, 5292,0.000112000
Monte-Carlo, 0.007620363, 1.992379637,4, 5292,0.000124000
Monte-Carlo, 0.007620363, 1.992379637,4, 5292,0.000149000
Monte-Carlo, 0.006910479, 1.993089521,4, 5292,0.000145000
Monte-Carlo, 0.006910479, 1.993089521,4, 5292,0.000134000
Monte-Carlo, 0.006910479, 1.993089521,4, 5292,0.000188000
Monte-Carlo, 0.006910479, 1.993089521,4, 5292,0.000214000
Monte-Carlo, 0.006910479, 1.993089521,4, 5292,0.000119000
Monte-Carlo, 0.006910479, 1.993089521,4, 5292,0.000172000
Monte-Carlo, 0.006910479, 1.993089521,4, 5292,0.000195000
Monte-Carlo, 0.002326962, 1.997673038,4, 5292,0.000152000
Monte-Carlo, 0.002326962, 1.997673038,4, 5292,0.000164000
Monte-Carlo, 0.002326962, 1.997673038,4, 5292,0.000155000
Monte-Carlo, 0.002326962, 1.997673038,4, 5292,0.000125000
Monte-Carlo, 0.002326962, 1.997673038,4, 5292,0.000131000
Monte-Carlo, 0.002326962, 1.997673038,4, 5292,0.000177000
Monte-Carlo, 0.002326962, 1.997673038,4, 5292,0.000175000
Monte-Carlo, 0.008099791, 1.991900209,4, 5292,0.000211000
Monte-Carlo, 0.008099791, 1.991900209,4, 5292,0.000180000
Monte-Carlo, 0.008099791, 1.991900209,4, 5292,0.000146000
Monte-Carlo, 0.008099791, 1.991900209,4, 5292,0.000123000
Monte-Carlo, 0.008099791, 1.991900209,4, 5292,0.000266000
Monte-Carlo, 0.008099791, 1.991900209,4, 5292,0.000221000
Monte-Carlo, 0.001078153, 1.998921847,4, 5292,0.000166000
Monte-Carlo, 0.001078153, 1.998921847,4, 5292,0.000193000
Monte-Carlo, 0.001078153, 1.998921847,4, 5292,0.000109000
Monte-Carlo, 0.001078153, 1.998921847,4, 5292,0.000166000
Monte-Carlo, 0.001078153, 1.998921847,4, 5292,0.000269000
Monte-Carlo, 0.001078153, 1.998921847,4, 5292,0.000155000
Monte-Carlo, 0.001078153, 1.998921847,4, 5292,0.000153000
Monte-Carlo, 0.002269774, 1.997730226,4, 5292,0.000134000
Monte-Carlo, 0.002269774, 1.997730226,4, 5292,0.000184000
Monte-Carlo, 0.002269774, 1.997730226,4, 5292,0.000162000
Monte-Carlo, 0.002269774, 1.997730226,4, 5292,0.000169000
Monte-Carlo, 0.002269774, 1.997730226,4, 5292,0.000141000
Monte-Carlo, 0.006526109, 1.993473891,4, 5808,0.000211000
Monte-Carlo, 0.006072158, 1.993927842,4, 5808,0.000170000
Monte-Carlo, 0.006072158, 1.993927842,4, 5808,0.000237000
Monte-Carlo, 0.006072158, 1.993927842,4, 5808,0.000177000
Monte-Carlo, 0.006072158, 1.993927842,4, 5808,0.000222000
Monte-Carlo, 0.006072158, 1.993927842,4, 5808,0.000164000
Monte-Carlo, 0.006072158, 1.993927842,4, 5808,0.000254000
Monte-Carlo, 0.006072158, 1.993927842,4, 5808,0.000196000
Monte-Carlo, 0.006105133, 2.006105133,4, 5808,0.000277000
Monte-Carlo, 0.006105133, 2.006105133,4, 5808,0.000326000
Monte-Carlo, 0.006105133, 2.006105133,4, 5808,0.000131000
Monte-Carlo, 0.006105133, 2.006105133,4, 5808,0.000326000
Monte-Carlo, 0.006105133, 2.006105133,4, 5808,0.000118000
Monte-Carlo, 0.006105133, 2.006105133,4, 5808,0.000208000
Monte-Carlo, 0.006105133, 2.006105133,4, 5808,0.000149000
Monte-Carlo, 0.006105133, 2.006105133,4, 5808,0.000162000
Monte-Carlo, 0.000344005, 1.999655995,4, 5808,0.000172000
Monte-Carlo, 0.000344005, 1.999655995,4, 5808,0.000257000
Monte-Carlo, 0.000344005, 1.999655995,4, 5808,0.000205000
Monte-Carlo, 0.000344005, 1.999655995,4, 5808,0.000205000
Monte-Carlo, 0.000344005, 1.999655995,4, 5808,0.000191000
Monte-Carlo, 0.000344005, 1.999655995,4, 5808,0.000260000
Monte-Carlo, 0.000344005, 1.999655995,4, 5808,0.000179000
Monte-Carlo, 0.003553128, 2.003553128,4, 5808,0.000157000
Monte-Carlo, 0.003553128, 2.003553128,4, 5808,0.000203000
Monte-Carlo, 0.003553128, 2.003553128,4, 5808,0.000155000
Monte-Carlo, 0.003553128, 2.003553128,4, 5808,0.000278000
Monte-Carlo, 0.003553128, 2.003553128,4, 5808,0.000179000
Monte-Carlo, 0.003553128, 2.003553128,4, 5808,0.000119000
Monte-Carlo, 0.002464656, 2.002464656,4, 5808,0.000236000
Monte-Carlo, 0.002464656, 2.002464656,4, 5808,0.000138000
Monte-Carlo, 0.002464656, 2.002464656,4, 5808,0.000171000
Monte-Carlo, 0.002464656, 2.002464656,4, 5808,0.000257000
Monte-Carlo, 0.002464656, 2.002464656,4, 5808,0.000199000
Monte-Carlo, 0.002464656, 2.002464656,4, 5808,0.000262000
Monte-Carlo, 0.002464656, 2.002464656,4, 5808,0.000264000
Monte-Carlo, 0.003136044, 1.996863956,4, 5808,0.000273000
Monte-Carlo, 0.003136044, 1.996863956,4, 5808,0.000181000
Monte-Carlo, 0.003136044, 1.996863956,4, 5808,0.000147000
Monte-Carlo, 0.003136044, 1.996863956,4, 5808,0.000275000
Monte-Carlo, 0.003136044, 1.996863956,4, 5808,0.000179000
Monte-Carlo, 0.003136044, 1.996863956,4, 5808,0.000164000
Monte-Carlo, 0.003136044, 1.996863956,4, 5808,0.000162000
Monte-Carlo, 0.005237374, 1.994762626,4, 5808,0.000249000
Monte-Carlo, 0.005237374, 1.994762626,4, 5808,0.000234000
Monte-Carlo, 0.005237374, 1.994762626,4, 5808,0.000269000
Monte-Carlo, 0.005237374, 1.994762626,4, 5808,0.000153000
Monte-Carlo, 0.005237374, 1.994762626,4, 5808,0.000286000
Monte-Carlo, 0.005237374, 1.994762626,4, 5808,0.000195000
Monte-Carlo, 0.005237374, 1.994762626,4, 5808,0.000180000
Monte-Carlo, 0.010325012, 1.989674988,4, 6348,0.000188000
Monte-Carlo, 0.004591215, 1.995408785,4, 6348,0.000168000
Monte-Carlo, 0.004591215, 1.995408785,4, 6348,0.000156000
Monte-Carlo, 0.004591215, 1.995408785,4, 6348,0.000188000
Monte-Carlo, 0.004591215, 1.995408785,4, 6348,0.000148000
Monte-Carlo, 0.004591215, 1.995408785,4, 6348,0.000220000
Monte-Carlo, 0.004591215, 1.995408785,4, 6348,0.000192000
Monte-Carlo, 0.004591215, 1.995408785,4, 6348,0.000267000
Monte-Carlo, 0.009244703, 1.990755297,4, 6348,0.000132000
Monte-Carlo, 0.009244703, 1.990755297,4, 6348,0.000140000
Monte-Carlo, 0.009244703, 1.990755297,4, 6348,0.000166000
Monte-Carlo, 0.009244703, 1.990755297,4, 6348,0.000190000
Monte-Carlo, 0.009244703, 1.990755297,4, 6348,0.000140000
Monte-Carlo, 0.009244703, 1.990755297,4, 6348,0.000162000
Monte-Carlo, 0.009244703, 1.990755297,4, 6348,0.000150000
Monte-Carlo, 0.012395723, 1.987604277,4, 6348,0.000234000
Monte-Carlo, 0.012395723, 1.987604277,4, 6348,0.000243000
Monte-Carlo, 0.012395723, 1.987604277,4, 6348,0.000285000
Monte-Carlo, 0.012395723, 1.987604277,4, 6348,0.000157000
Monte-Carlo, 0.012395723, 1.987604277,4, 6348,0.000226000
Monte-Carlo, 0.012395723, 1.987604277,4, 6348,0.000346000
Monte-Carlo, 0.012395723, 1.987604277,4, 6348,0.000236000
Monte-Carlo, 0.010891712, 1.989108288,4, 6348,0.000230000
Monte-Carlo, 0.010891712, 1.989108288,4, 6348,0.000311000
Monte-Carlo, 0.010891712, 1.989108288,4, 6348,0.000237000
Monte-Carlo, 0.010891712, 1.989108288,4, 6348,0.000174000
Monte-Carlo, 0.010891712, 1.989108288,4, 6348,0.000217000
Monte-Carlo, 0.010891712, 1.989108288,4, 6348,0.000230000
Monte-Carlo, 0.010891712, 1.989108288,4, 6348,0.000157000
Monte-Carlo, 0.011937087, 1.988062913,4, 6348,0.000180000
Monte-Carlo, 0.011937087, 1.988062913,4, 6348,0.000223000
Monte-Carlo, 0.011937087, 1.988062913,4, 6348,0.000150000
Monte-Carlo, 0.011937087, 1.988062913,4, 6348,0.000199000
Monte-Carlo, 0.011937087, 1.988062913,4, 6348,0.000175000
Monte-Carlo, 0.011937087, 1.988062913,4, 6348,0.000145000
Monte-Carlo, 0.011937087, 1.988062913,4, 6348,0.000319000
Monte-Carlo, 0.000776180, 1.999223820,4, 6348,0.000178000
Monte-Carlo, 0.000776180, 1.999223820,4, 6348,0.000218000
Monte-Carlo, 0.000776180, 1.999223820,4, 6348,0.000211000
Monte-Carlo, 0.000776180, 1.999223820,4, 6348,0.000146000
Monte-Carlo, 0.000776180, 1.999223820,4, 6348,0.000272000
Monte-Carlo, 0.000776180, 1.999223820,4, 6348,0.000280000
Monte-Carlo, 0.000776180, 1.999223820,4, 6348,0.000198000
Monte-Carlo, 0.002110087, 2.002110087,4, 6348,0.000162000
Monte-Carlo, 0.002110087, 2.002110087,4, 6348,0.000207000
Monte-Carlo, 0.002110087, 2.002110087,4, 6348,0.000156000
Monte-Carlo, 0.002110087, 2.002110087,4, 6348,0.000268000
Monte-Carlo, 0.002110087, 2.002110087,4, 6348,0.000259000
Monte-Carlo, 0.002110087, 2.002110087,4, 6348,0.000207000
Monte-Carlo, 0.002110087, 2.002110087,4, 6348,0.000166000
Monte-Carlo, 0.009029095, 2.009029095,4, 6912,0.000166000
Monte-Carlo, 0.009029095, 2.009029095,4, 6912,0.000199000
Monte-Carlo, 0.009029095, 2.009029095,4, 6912,0.000235000
Monte-Carlo, 0.009029095, 2.009029095,4, 6912,0.000266000
Monte-Carlo, 0.009029095, 2.009029095,4, 6912,0.000191000
Monte-Carlo, 0.009029095, 2.009029095,4, 6912,0.000222000
Monte-Carlo, 0.009029095, 2.009029095,4, 6912,0.000239000
Monte-Carlo, 0.009888304, 2.009888304,4, 6912,0.000183000
Monte-Carlo, 0.009888304, 2.009888304,4, 6912,0.000172000
Monte-Carlo, 0.009888304, 2.009888304,4, 6912,0.000298000
Monte-Carlo, 0.009888304, 2.009888304,4, 6912,0.000148000
Monte-Carlo, 0.009888304, 2.009888304,4, 6912,0.000157000
Monte-Carlo, 0.009888304, 2.009888304,4, 6912,0.000146000
Monte-Carlo, 0.008387736, 1.991612264,4, 6912,0.000284000
Monte-Carlo, 0.008387736, 1.991612264,4, 6912,0.000254000
Monte-Carlo, 0.008387736, 1.991612264,4, 6912,0.000150000
Monte-Carlo, 0.008387736, 1.991612264,4, 6912,0.000199000
Monte-Carlo, 0.008387736, 1.991612264,4, 6912,0.000239000
Monte-Carlo, 0.008387736, 1.991612264,4, 6912,0.000183000
Monte-Carlo, 0.008387736, 1.991612264,4, 6912,0.000131000
Monte-Carlo, 0.002190526, 1.997809474,4, 6912,0.000174000
Monte-Carlo, 0.002190526, 1.997809474,4, 6912,0.000148000
Monte-Carlo, 0.002190526, 1.997809474,4, 6912,0.000205000
Monte-Carlo, 0.002190526, 1.997809474,4, 6912,0.000208000
Monte-Carlo, 0.002190526, 1.997809474,4, 6912,0.000172000
Monte-Carlo, 0.002190526, 1.997809474,4, 6912,0.000271000
Monte-Carlo, 0.002190526, 1.997809474,4, 6912,0.000235000
Monte-Carlo, 0.005845395, 2.005845395,4, 6912,0.000260000
Monte-Carlo, 0.005845395, 2.005845395,4, 6912,0.000274000
Monte-Carlo, 0.005845395, 2.005845395,4, 6912,0.000281000
Monte-Carlo, 0.005845395, 2.005845395,4, 6912,0.000182000
Monte-Carlo, 0.005845395, 2.005845395,4, 6912,0.000170000
Monte-Carlo, 0.005845395, 2.005845395,4, 6912,0.000161000
Monte-Carlo, 0.005845395, 2.005845395,4, 6912,0.000227000
Monte-Carlo, 0.004621009, 2.004621009,4, 6912,0.000120000
Monte-Carlo, 0.004621009, 2.004621009,4, 6912,0.000172000
Monte-Carlo, 0.004621009, 2.004621009,4, 6912,0.000231000
Monte-Carlo, 0.004621009, 2.004621009,4, 6912,0.000165000
Monte-Carlo, 0.004621009, 2.004621009,4, 6912,0.000236000
Monte-Carlo, 0.004621009, 2.004621009,4, 6912,0.000189000
Monte-Carlo, 0.004621009, 2.004621009,4, 6912,0.000302000
Monte-Carlo, 0.021274683, 2.021274683,4, 6912,0.000242000
Monte-Carlo, 0.021274683, 2.021274683,4, 6912,0.000193000
Monte-Carlo, 0.021274683, 2.021274683,4, 6912,0.000291000
Monte-Carlo, 0.021274683, 2.021274683,4, 6912,0.000188000
Monte-Carlo, 0.021274683, 2.021274683,4, 6912,0.000190000
Monte-Carlo, 0.021274683, 2.021274683,4, 6912,0.000157000
Monte-Carlo, 0.021274683, 2.021274683,4, 6912,0.000234000
Monte-Carlo, 0.022829739, 2.022829739,4, 6912,0.000146000
Monte-Carlo, 0.022829739, 2.022829739,4, 6912,0.000183000
Monte-Carlo, 0.026935209, 2.026935209,4, 7500,0.000290000
Monte-Carlo, 0.026935209, 2.026935209,4, 7500,0.000178000
Monte-Carlo, 0.026935209, 2.026935209,4, 7500,0.000296000
Monte-Carlo, 0.026935209, 2.026935209,4, 7500,0.000273000
Monte-Carlo, 0.026935209, 2.026935209,4, 7500,0.000169000
Monte-Carlo, 0.021841887, 2.021841887,4, 7500,0.000199000
Monte-Carlo, 0.021841887, 2.021841887,4, 7500,0.000153000
Monte-Carlo, 0.021841887, 2.021841887,4, 7500,0.000205000
Monte-Carlo, 0.021841887, 2.021841887,4, 7500,0.000280000
Monte-Carlo, 0.021841887, 2.021841887,4, 7500,0.000232000
Monte-Carlo, 0.021841887, 2.021841887,4, 7500,0.000176000
Monte-Carlo, 0.021841887, 2.021841887,4, 7500,0.000185000
Monte-Carlo, 0.027740863, 2.027740863,4, 7500,0.000319000
Monte-Carlo, 0.027740863, 2.027740863,4, 7500,0.000286000
Monte-Carlo, 0.027740863, 2.027740863,4, 7500,0.000205000
Monte-Carlo, 0.027740863, 2.027740863,4, 7500,0.000197000
Monte-Carlo, 0.027740863, 2.027740863,4, 7500,0.000201000
Monte-Carlo, 0.027740863, 2.027740863,4, 7500,0.000231000
Monte-Carlo, 0.027740863, 2.027740863,4, 7500,0.000193000
Monte-Carlo, 0.025179600, 2.025179600,4, 7500,0.000162000
Monte-Carlo, 0.025179600, 2.025179600,4, 7500,0.000136000
Monte-Carlo, 0.025179600, 2.025179600,4, 7500,0.000248000
Monte-Carlo, 0.025179600, 2.025179600,4, 7500,0.000180000
Monte-Carlo, 0.025179600, 2.025179600,4, 7500,0.000195000
Monte-Carlo, 0.025179600, 2.025179600,4, 7500,0.000173000
Monte-Carlo, 0.025179600, 2.025179600,4, 7500,0.000310000
Monte-Carlo, 0.012789065, 2.012789065,4, 7500,0.000199000
Monte-Carlo, 0.012789065, 2.012789065,4, 7500,0.000218000
Monte-Carlo, 0.012789065, 2.012789065,4, 7500,0.000235000
Monte-Carlo, 0.012789065, 2.012789065,4, 7500,0.000382000
Monte-Carlo, 0.012789065, 2.012789065,4, 7500,0.000158000
Monte-Carlo, 0.012789065, 2.012789065,4, 7500,0.000263000
Monte-Carlo, 0.012789065, 2.012789065,4, 7500,0.000214000
Monte-Carlo, 0.012789065, 2.012789065,4, 7500,0.000278000
Monte-Carlo, 0.008751773, 2.008751773,4, 7500,0.000227000
Monte-Carlo, 0.008751773, 2.008751773,4, 7500,0.000147000
Monte-Carlo, 0.008751773, 2.008751773,4, 7500,0.000191000
Monte-Carlo, 0.008751773, 2.008751773,4, 7500,0.000220000
Monte-Carlo, 0.008751773, 2.008751773,4, 7500,0.000135000
Monte-Carlo, 0.008751773, 2.008751773,4, 7500,0.000227000
Monte-Carlo, 0.008751773, 2.008751773,4, 7500,0.000228000
Monte-Carlo, 0.008751773, 2.008751773,4, 7500,0.000234000
Monte-Carlo, 0.011120356, 1.988879644,4, 7500,0.000145000
Monte-Carlo, 0.011120356, 1.988879644,4, 7500,0.000175000
Monte-Carlo, 0.011120356, 1.988879644,4, 7500,0.000204000
Monte-Carlo, 0.011120356, 1.988879644,4, 7500,0.000252000
Monte-Carlo, 0.011120356, 1.988879644,4, 7500,0.000251000
Monte-Carlo, 0.011120356, 1.988879644,4, 7500,0.000221000
Monte-Carlo, 0.011120356, 1.988879644,4, 7500,0.000174000
Monte-Carlo, 0.011120356, 1.988879644,4, 7500,0.000284000
Monte-Carlo, 0.026221537, 1.973778463,4, 8112,0.000194000
Monte-Carlo, 0.026221537, 1.973778463,4, 8112,0.000283000
Monte-Carlo, 0.026221537, 1.973778463,4, 8112,0.000200000
Monte-Carlo, 0.026221537, 1.973778463,4, 8112,0.000207000
Monte-Carlo, 0.026221537, 1.973778463,4, 8112,0.000188000
Monte-Carlo, 0.026221537, 1.973778463,4, 8112,0.000182000
Monte-Carlo, 0.026221537, 1.973778463,4, 8112,0.000341000
Monte-Carlo, 0.018332280, 1.981667720,4, 8112,0.000184000
Monte-Carlo, 0.018332280, 1.981667720,4, 8112,0.000248000
Monte-Carlo, 0.018332280, 1.981667720,4, 8112,0.000208000
Monte-Carlo, 0.018332280, 1.981667720,4, 8112,0.000235000
Monte-Carlo, 0.018332280, 1.981667720,4, 8112,0.000241000
Monte-Carlo, 0.018332280, 1.981667720,4, 8112,0.000171000
Monte-Carlo, 0.023898436, 1.976101564,4, 8112,0.000208000
Monte-Carlo, 0.023898436, 1.976101564,4, 8112,0.000206000
Monte-Carlo, 0.023898436, 1.976101564,4, 8112,0.000293000
Monte-Carlo, 0.023898436, 1.976101564,4, 8112,0.000266000
Monte-Carlo, 0.023898436, 1.976101564,4, 8112,0.000209000
Monte-Carlo, 0.023898436, 1.976101564,4, 8112,0.000167000
Monte-Carlo, 0.023898436, 1.976101564,4, 8112,0.000184000
Monte-Carlo, 0.013392242, 1.986607758,4, 8112,0.000201000
Monte-Carlo, 0.013392242, 1.986607758,4, 8112,0.000238000
Monte-Carlo, 0.013392242, 1.986607758,4, 8112,0.000206000
Monte-Carlo, 0.013392242, 1.986607758,4, 8112,0.000175000
Monte-Carlo, 0.013392242, 1.986607758,4, 8112,0.000162000
Monte-Carlo, 0.013392242, 1.986607758,4, 8112,0.000243000
Monte-Carlo, 0.013392242, 1.986607758,4, 8112,0.000336000
Monte-Carlo, 0.003969822, 1.996030178,4, 8112,0.000214000
Monte-Carlo, 0.003969822, 1.996030178,4, 8112,0.000311000
Monte-Carlo, 0.003969822, 1.996030178,4, 8112,0.000166000
Monte-Carlo, 0.003969822, 1.996030178,4, 8112,0.000197000
Monte-Carlo, 0.003969822, 1.996030178,4, 8112,0.000220000
Monte-Carlo, 0.003969822, 1.996030178,4, 8112,0.000238000
Monte-Carlo, 0.003969822, 1.996030178,4, 8112,0.000269000
Monte-Carlo, 0.006265883, 1.993734117,4, 8112,0.000280000
Monte-Carlo, 0.006265883, 1.993734117,4, 8112,0.000304000
Monte-Carlo, 0.006265883, 1.993734117,4, 8112,0.000208000
Monte-Carlo, 0.006265883, 1.993734117,4, 8112,0.000289000
Monte-Carlo, 0.006265883, 1.993734117,4, 8112,0.000213000
Monte-Carlo, 0.006265883, 1.993734117,4, 8112,0.000199000
Monte-Carlo, 0.002083311, 1.997916689,4, 8112,0.000293000
Monte-Carlo, 0.002083311, 1.997916689,4, 8112,0.000312000
Monte-Carlo, 0.002083311, 1.997916689,4, 8112,0.000195000
Monte-Carlo, 0.002083311, 1.997916689,4, 8112,0.000269000
Monte-Carlo, 0.002083311, 1.997916689,4, 8112,0.000229000
Monte-Carlo, 0.002083311, 1.997916689,4, 8112,0.000268000
Monte-Carlo, 0.002083311, 1.997916689,4, 8112,0.000261000
Monte-Carlo, 0.000235853, 1.999764147,4, 8112,0.000186000
Monte-Carlo, 0.000235853, 1.999764147,4, 8112,0.000157000
Monte-Carlo, 0.000235853, 1.999764147,4, 8112,0.000215000
Monte-Carlo, 0.003306347, 1.996693653,4, 8748,0.000280000
Monte-Carlo, 0.003306347, 1.996693653,4, 8748,0.000276000
Monte-Carlo, 0.003306347, 1.996693653,4, 8748,0.000272000
Monte-Carlo, 0.003306347, 1.996693653,4, 8748,0.000244000
Monte-Carlo, 0.002845473, 1.997154527,4, 8748,0.000259000
Monte-Carlo, 0.002845473, 1.997154527,4, 8748,0.000260000
Monte-Carlo, 0.002845473, 1.997154527,4, 8748,0.000236000
Monte-Carlo, 0.002845473, 1.997154527,4, 8748,0.000197000
Monte-Carlo, 0.002845473, 1.997154527,4, 8748,0.000196000
Monte-Carlo, 0.002845473, 1.997154527,4, 8748,0.000166000
Monte-Carlo, 0.002845473, 1.997154527,4, 8748,0.000202000
Monte-Carlo, 0.002845473, 1.997154527,4, 8748,0.000355000
Monte-Carlo, 0.003395310, 1.996604690,4, 8748,0.000215000
Monte-Carlo, 0.003395310, 1.996604690,4, 8748,0.000219000
Monte-Carlo, 0.003395310, 1.996604690,4, 8748,0.000250000
Monte-Carlo, 0.003395310, 1.996604690,4, 8748,0.000221000
Monte-Carlo, 0.003395310, 1.996604690,4, 8748,0.000160000
Monte-Carlo, 0.003395310, 1.996604690,4, 8748,0.000312000
Monte-Carlo, 0.003395310, 1.996604690,4, 8748,0.000219000
Monte-Carlo, 0.001518976, 2.001518976,4, 8748,0.000335000
Monte-Carlo, 0.001518976, 2.001518976,4, 8748,0.000225000
Monte-Carlo, 0.001518976, 2.001518976,4, 8748,0.000219000
Monte-Carlo, 0.001518976, 2.001518976,4, 8748,0.000224000
Monte-Carlo, 0.001518976, 2.001518976,4, 8748,0.000186000
Monte-Carlo, 0.001518976, 2.001518976,4, 8748,0.000182000
Monte-Carlo, 0.001518976, 2.001518976,4, 8748,0.000224000
Monte-Carlo, 0.001518976, 2.001518976,4, 8748,0.000189000
Monte-Carlo, 0.013112184, 2.013112184,4, 8748,0.000227000
Monte-Carlo, 0.013112184, 2.013112184,4, 8748,0.000181000
Monte-Carlo, 0.013112184, 2.013112184,4, 8748,0.000145000
Monte-Carlo, 0.013112184, 2.013112184,4, 8748,0.000203000
Monte-Carlo, 0.013112184, 2.013112184,4, 8748,0.000214000
Monte-Carlo, 0.013112184, 2.013112184,4, 8748,0.000174000
Monte-Carlo, 0.013112184, 2.013112184,4, 8748,0.000222000
Monte-Carlo, 0.008062252, 2.008062252,4, 8748,0.000194000
Monte-Carlo, 0.008062252, 2.008062252,4, 8748,0.000317000
Monte-Carlo, 0.008062252, 2.008062252,4, 8748,0.000222000
Monte-Carlo, 0.008062252, 2.008062252,4, 8748,0.000196000
Monte-Carlo, 0.008062252, 2.008062252,4, 8748,0.000185000
Monte-Carlo, 0.008062252, 2.008062252,4, 8748,0.000289000
Monte-Carlo, 0.008062252, 2.008062252,4, 8748,0.000239000
Monte-Carlo, 0.005086970, 1.994913030,4, 8748,0.000184000
Monte-Carlo, 0.005086970, 1.994913030,4, 8748,0.000202000
Monte-Carlo, 0.005086970, 1.994913030,4, 8748,0.000376000
Monte-Carlo, 0.005086970, 1.994913030,4, 8748,0.000252000
Monte-Carlo, 0.005086970, 1.994913030,4, 8748,0.000222000
Monte-Carlo, 0.005086970, 1.994913030,4, 8748,0.000332000
Monte-Carlo, 0.005086970, 1.994913030,4, 8748,0.000187000
Monte-Carlo, 0.007846273, 1.992153727,4, 8748,0.000395000
Monte-Carlo, 0.007846273, 1.992153727,4, 8748,0.000240000
Monte-Carlo, 0.007510716, 1.992489284,4, 9408,0.000352000
Monte-Carlo, 0.007510716, 1.992489284,4, 9408,0.000182000
Monte-Carlo, 0.007510716, 1.992489284,4, 9408,0.000227000
Monte-Carlo, 0.007510716, 1.992489284,4, 9408,0.000301000
Monte-Carlo, 0.007510716, 1.992489284,4, 9408,0.000280000
Monte-Carlo, 0.007510716, 1.992489284,4, 9408,0.000215000
Monte-Carlo, 0.010317802, 1.989682198,4, 9408,0.000250000
Monte-Carlo, 0.010317802, 1.989682198,4, 9408,0.000232000
Monte-Carlo, 0.010317802, 1.989682198,4, 9408,0.000236000
Monte-Carlo, 0.010317802, 1.989682198,4, 9408,0.000186000
Monte-Carlo, 0.010317802, 1.989682198,4, 9408,0.000230000
Monte-Carlo, 0.010317802, 1.989682198,4, 9408,0.000201000
Monte-Carlo, 0.010317802, 1.989682198,4, 9408,0.000173000
Monte-Carlo, 0.008840067, 1.991159933,4, 9408,0.000224000
Monte-Carlo, 0.008840067, 1.991159933,4, 9408,0.000257000
Monte-Carlo, 0.008840067, 1.991159933,4, 9408,0.000217000
Monte-Carlo, 0.008840067, 1.991159933,4, 9408,0.000305000
Monte-Carlo, 0.008840067, 1.991159933,4, 9408,0.000192000
Monte-Carlo, 0.008840067, 1.991159933,4, 9408,0.000290000
Monte-Carlo, 0.008840067, 1.991159933,4, 9408,0.000217000
Monte-Carlo, 0.001311616, 2.001311616,4, 9408,0.000363000
Monte-Carlo, 0.001311616, 2.001311616,4, 9408,0.000270000
Monte-Carlo, 0.001311616, 2.001311616,4, 9408,0.000240000
Monte-Carlo, 0.001311616, 2.001311616,4, 9408,0.000324000
Monte-Carlo, 0.001311616, 2.001311616,4, 9408,0.000245000
Monte-Carlo, 0.001311616, 2.001311616,4, 9408,0.000245000
Monte-Carlo, 0.001311616, 2.001311616,4, 9408,0.000299000
Monte-Carlo, 0.001588156, 2.001588156,4, 9408,0.000264000
Monte-Carlo, 0.001588156, 2.001588156,4, 9408,0.000276000
Monte-Carlo, 0.001588156, 2.001588156,4, 9408,0.000313000
Monte-Carlo, 0.001588156, 2.001588156,4, 9408,0.000320000
Monte-Carlo, 0.001588156, 2.001588156,4, 9408,0.000332000
Monte-Carlo, 0.001588156, 2.001588156,4, 9408,0.000286000
Monte-Carlo, 0.001588156, 2.001588156,4, 9408,0.000262000
Monte-Carlo, 0.001888232, 2.001888232,4, 9408,0.000226000
Monte-Carlo, 0.001888232, 2.001888232,4, 9408,0.000215000
Monte-Carlo, 0.001888232, 2.001888232,4, 9408,0.000322000
Monte-Carlo, 0.001888232, 2.001888232,4, 9408,0.000220000
Monte-Carlo, 0.001888232, 2.001888232,4, 9408,0.000167000
Monte-Carlo, 0.001888232, 2.001888232,4, 9408,0.000231000
Monte-Carlo, 0.005895649, 2.005895649,4, 9408,0.000181000
Monte-Carlo, 0.005895649, 2.005895649,4, 9408,0.000171000
Monte-Carlo, 0.005895649, 2.005895649,4, 9408,0.000204000
Monte-Carlo, 0.005895649, 2.005895649,4, 9408,0.000337000
Monte-Carlo, 0.005895649, 2.005895649,4, 9408,0.000201000
Monte-Carlo, 0.005895649, 2.005895649,4, 9408,0.000162000
Monte-Carlo, 0.005895649, 2.005895649,4, 9408,0.000188000
Monte-Carlo, 0.005895649, 2.005895649,4, 9408,0.000339000
Monte-Carlo, 0.006876126, 2.006876126,4, 9408,0.000163000
Monte-Carlo, 0.006876126, 2.006876126,4, 9408,0.000197000
Monte-Carlo, 0.002535420, 2.002535420,4, 10092,0.000259000
Monte-Carlo, 0.002535420, 2.002535420,4, 10092,0.000372000
Monte-Carlo, 0.002535420, 2.002535420,4, 10092,0.000174000
Monte-Carlo, 0.002535420, 2.002535420,4, 10092,0.000261000
Monte-Carlo, 0.002535420, 2.002535420,4, 10092,0.000290000
Monte-Carlo, 0.002535420, 2.002535420,4, 10092,0.000202000
Monte-Carlo, 0.005134788, 2.005134788,4, 10092,0.000197000
Monte-Carlo, 0.005134788, 2.005134788,4, 10092,0.000237000
Monte-Carlo, 0.005134788, 2.005134788,4, 10092,0.000258000
Monte-Carlo, 0.005134788, 2.005134788,4, 10092,0.000191000
Monte-Carlo, 0.005134788, 2.005134788,4, 10092,0.000299000
Monte-Carlo, 0.005134788, 2.005134788,4, 10092,0.000311000
Monte-Carlo, 0.005134788, 2.005134788,4, 10092,0.000224000
Monte-Carlo, 0.005134788, 2.005134788,4, 10092,0.000265000
Monte-Carlo, 0.005134788, 2.005134788,4, 10092,0.000343000
Monte-Carlo, 0.001616507, 2.001616507,4, 10092,0.000229000
Monte-Carlo, 0.001616507, 2.001616507,4, 10092,0.000259000
Monte-Carlo, 0.001616507, 2.001616507,4, 10092,0.000254000
Monte-Carlo, 0.001616507, 2.001616507,4, 10092,0.000273000
Monte-Carlo, 0.001616507, 2.001616507,4, 10092,0.000220000
Monte-Carlo, 0.001616507, 2.001616507,4, 10092,0.000245000
Monte-Carlo, 0.001616507, 2.001616507,4, 10092,0.000352000
Monte-Carlo, 0.003864316, 2.003864316,4, 10092,0.000263000
Monte-Carlo, 0.003864316, 2.003864316,4, 10092,0.000339000
Monte-Carlo, 0.003864316, 2.003864316,4, 10092,0.000534000
Monte-Carlo, 0.003864316, 2.003864316,4, 10092,0.000353000
Monte-Carlo, 0.003864316, 2.003864316,4, 10092,0.000392000
Monte-Carlo, 0.003864316, 2.003864316,4, 10092,0.000221000
Monte-Carlo, 0.003864316, 2.003864316,4, 10092,0.000221000
Monte-Carlo, 0.003821218, 2.003821218,4, 10092,0.000231000
Monte-Carlo, 0.003821218, 2.003821218,4, 10092,0.000224000
Monte-Carlo, 0.003821218, 2.003821218,4, 10092,0.000239000
Monte-Carlo, 0.003821218, 2.003821218,4, 10092,0.000217000
Monte-Carlo, 0.003821218, 2.003821218,4, 10092,0.000215000
Monte-Carlo, 0.003821218, 2.003821218,4, 10092,0.000274000
Monte-Carlo, 0.003821218, 2.003821218,4, 10092,0.000254000
Monte-Carlo, 0.017193949, 2.017193949,4, 10092,0.000344000
Monte-Carlo, 0.017193949, 2.017193949,4, 10092,0.000219000
Monte-Carlo, 0.017193949, 2.017193949,4, 10092,0.000207000
Monte-Carlo, 0.017193949, 2.017193949,4, 10092,0.000231000
Monte-Carlo, 0.017193949, 2.017193949,4, 10092,0.000262000
Monte-Carlo, 0.017193949, 2.017193949,4, 10092,0.000295000
Monte-Carlo, 0.017193949, 2.017193949,4, 10092,0.000219000
Monte-Carlo, 0.017193949, 2.017193949,4, 10092,0.000234000
Monte-Carlo, 0.016130090, 2.016130090,4, 10092,0.000579000
Monte-Carlo, 0.016130090, 2.016130090,4, 10092,0.000321000
Monte-Carlo, 0.016130090, 2.016130090,4, 10092,0.000245000
Monte-Carlo, 0.016130090, 2.016130090,4, 10092,0.000224000
Monte-Carlo, 0.016130090, 2.016130090,4, 10092,0.000253000
Monte-Carlo, 0.016130090, 2.016130090,4, 10092,0.000314000
Monte-Carlo, 0.016282062, 2.016282062,4, 10800,0.000245000
Monte-Carlo, 0.016282062, 2.016282062,4, 10800,0.000232000
Monte-Carlo, 0.009868263, 2.009868263,4, 10800,0.000937000
Monte-Carlo, 0.009868263, 2.009868263,4, 10800,0.000185000
Monte-Carlo, 0.009868263, 2.009868263,4, 10800,0.000346000
Monte-Carlo, 0.009868263, 2.009868263,4, 10800,0.000266000
Monte-Carlo, 0.009868263, 2.009868263,4, 10800,0.000308000
Monte-Carlo, 0.009868263, 2.009868263,4, 10800,0.000303000
Monte-Carlo, 0.009868263, 2.009868263,4, 10800,0.000326000
Monte-Carlo, 0.009868263, 2.009868263,4, 10800,0.000245000
Monte-Carlo, 0.007059939, 2.007059939,4, 10800,0.000271000
Monte-Carlo, 0.007059939, 2.007059939,4, 10800,0.000276000
Monte-Carlo, 0.007059939, 2.007059939,4, 10800,0.000215000
Monte-Carlo, 0.007059939, 2.007059939,4, 10800,0.000251000
Monte-Carlo, 0.007059939, 2.007059939,4, 10800,0.000213000
Monte-Carlo, 0.007059939, 2.007059939,4, 10800,0.000183000
Monte-Carlo, 0.007059939, 2.007059939,4, 10800,0.000195000
Monte-Carlo, 0.007059939, 2.007059939,4, 10800,0.000192000
Monte-Carlo, 0.007059939, 2.007059939,4, 10800,0.000197000
Monte-Carlo, 0.009225970, 1.990774030,4, 10800,0.000186000
Monte-Carlo, 0.009225970, 1.990774030,4, 10800,0.000296000
Monte-Carlo, 0.009225970, 1.990774030,4, 10800,0.000311000
Monte-Carlo, 0.009225970, 1.990774030,4, 10800,0.000214000
Monte-Carlo, 0.009225970, 1.990774030,4, 10800,0.000244000
Monte-Carlo, 0.009225970, 1.990774030,4, 10800,0.000246000
Monte-Carlo, 0.009225970, 1.990774030,4, 10800,0.000404000
Monte-Carlo, 0.010307986, 1.989692014,4, 10800,0.000275000
Monte-Carlo, 0.010307986, 1.989692014,4, 10800,0.000250000
Monte-Carlo, 0.010307986, 1.989692014,4, 10800,0.000228000
Monte-Carlo, 0.010307986, 1.989692014,4, 10800,0.000294000
Monte-Carlo, 0.010307986, 1.989692014,4, 10800,0.000279000
Monte-Carlo, 0.010307986, 1.989692014,4, 10800,0.000252000
Monte-Carlo, 0.010307986, 1.989692014,4, 10800,0.000398000
Monte-Carlo, 0.009228233, 1.990771767,4, 10800,0.000324000
Monte-Carlo, 0.009228233, 1.990771767,4, 10800,0.000342000
Monte-Carlo, 0.009228233, 1.990771767,4, 10800,0.000275000
Monte-Carlo, 0.009228233, 1.990771767,4, 10800,0.000339000
Monte-Carlo, 0.009228233, 1.990771767,4, 10800,0.000249000
Monte-Carlo, 0.009228233, 1.990771767,4, 10800,0.000282000
Monte-Carlo, 0.009228233, 1.990771767,4, 10800,0.000252000
Monte-Carlo, 0.009228233, 1.990771767,4, 10800,0.000199000
Monte-Carlo, 0.003414129, 1.996585871,4, 10800,0.000303000
Monte-Carlo, 0.003414129, 1.996585871,4, 10800,0.000263000
Monte-Carlo, 0.003414129, 1.996585871,4, 10800,0.000233000
Monte-Carlo, 0.003414129, 1.996585871,4, 10800,0.000348000
Monte-Carlo, 0.003414129, 1.996585871,4, 10800,0.000420000
Monte-Carlo, 0.003414129, 1.996585871,4, 10800,0.000300000
Monte-Carlo, 0.003414129, 1.996585871,4, 10800,0.000300000
Monte-Carlo, 0.005623625, 2.005623625,4, 10800,0.000332000
Monte-Carlo, 0.005623625, 2.005623625,4, 10800,0.000240000
